20-20 CLASSIC BUTTER,BISCUITS,PARLE,GST 18%,3.78,4.37,5,60,55.2,BUNDLE,12,R.K MARKETING,19059020,0
20-20 CLASSIC CASHEW,BISCUITS,PARLE,GST 18%,3.78,4.37,5,60,55.2,BUNDLE,12,R.K MARKETING,19059020,0
3ROSES 10/-,BEVERAGES,HINDUSTAN,GST 5%,8.35,8.77,10,240,220,SHEETS,24,SRI BALAJI TRADING COMPANY,9023020,0
3ROSES 100G,BEVERAGES,HINDUSTAN,GST 5%,62.31,65.43,70,70,68,NOS,120,SRI BALAJI TRADING COMPANY,9023020,0
3ROSES 250G,BEVERAGES,HINDUSTAN,GST 5%,160.21,168.22,175,170,165,NOS,48,SRI BALAJI TRADING COMPANY,9023020,0
3ROSES DUST 2X500G RELUNCH,BEVERAGES,HINDUSTAN,GST 5%,247.1,259.46,295,500,490,NOS,2,SRI BALAJI TRADING COMPANY,9023020,0
3ROSES DUST 4X500G RELUNCH,BEVERAGES,HINDUSTAN,GST 5%,210,220.5,880,920,880,NOS,4,SRI BALAJI TRADING COMPANY,9023020,0
3ROSES DUST 5/-,BEVERAGES,HINDUSTAN,GST 5%,4.14,4.35,5,120,110,BUNDAL,24,SRI BALAJI TRADING COMPANY,9023010,0
3ROSES DUST 500G RELAUNCH,BEVERAGES,HINDUSTAN,GST 5%,302.63,317.76,340,330,320,NOS,1,SRI BALAJI TRADING COMPANY,9023020,0
3ROSES NATURAL CARE 10/-,BEVERAGES,HINDUSTAN,GST 5%,8.35,8.77,10,240,216,SHEETS,24,SRI BALAJI TRADING COMPANY,9023010,0
3ROSES NATURAL CARE 100G,BEVERAGES,HINDUSTAN,GST 5%,69.26,72.72,80,80,75,NOS,1,SRI BALAJI TRADING COMPANY,9023020,0
3ROSES NATURAL CARE 250G,BEVERAGES,HINDUSTAN,GST 5%,173.56,182.24,195,190,184,NOS,1,SRI BALAJI TRADING COMPANY,9023020,0
50-50 10/-,BISCUITS,BRITANNIA,GST 18%,7.7,8.72,10,800,795,PKT,45,SIVA TRADERS,19053100,0
50-50 5/-,BISCUITS,BRITANNIA,GST 18%,3.85,4.36,5,690,635,PKT,144,SIVA TRADERS,19053100,0
50-50 MASKA CHASKA 10/-,BISCUITS,BRITANNIA,GST 18%,7.7,8.72,10,800,750,PKT,80,SIVA TRADERS,19053100,0
555 RAW RICE 25KG,RAW RICE,GENERAL,GST 0%,1000,1000,0,1150,1100,BAG,1,,,0
A&M NOODLES TASTY 70GM,NOODLES,GENERAL,GST 12%,18,20.16,28,28,25,PKT,3,MANI BAJI SHOP,1902,0
AACHI CHICKEN MSL 50GM,MASALA,AACHI,GST 5%,14.2855,15.09,28,360,320,BUNDAL,1,GREEN SAKTHE,9109100,0
AACHI EEG MSL 10/-,MASALA,AACHI,GST 0%,7,7,10,100,80,SHEETS,5,SATHANAM AGENCIES,,0
AACHI GARAM MSL 10/-,MASALA,AACHI,GST 0%,7,7,10,100,80,SHEETS,5,SATHANAM AGENCIES,,0
AACHI GINGER GARLIC PASTE 5/-,PASTE,AACHI,GST 0%,3.5,3.5,5,50,40,SHEETS,2,SATHANAM AGENCIES,,0
AACHI IDLY PWD 10/-,MASALA,AACHI,GST 0%,7,7,10,100,80,SHEETS,5,SATHANAM AGENCIES,,0
AACHI JEERA PWD 10/-,MASALA,AACHI,GST 0%,7,7,10,100,80,SHEETS,1,SATHANAM AGENCIES,,0
AACHI KULAMBU CHILLI 500GM,MASALA,AACHI,GST 5%,119.05,122.5,195,140,135,NOS,1,GREEN SAKTHE,9109100,0
AACHI MUTTON MSL 50GM,MASALA,AACHI,GST 5%,15.9525,16.84,29,350,340,BUNDAL,1,GREEN SAKTHE,9109100,0
AACHI PEPPER PWD 10/-,MASALA,AACHI,GST 0%,7,7,10,100,80,SHEETS,6,SATHANAM AGENCIES,,0
AACHI SAMBAR PWD 10/-,MASALA,AACHI,GST 0%,7,7,10,100,80,SHEETS,6,SATHANAM AGENCIES,,0
AACHI TOMATO RICE 10/-,MIXED RICE,AACHI,GST 0%,7,7,10,100,80,SHEETS,5,SATHANAM AGENCIES,,0
AASHIRVAAD ATTA 10KG,FLOUR,GENERAL,GST 5%,414.54,390.43,490,1290,1230,PKT,3,SHREE SHANER AGANICES,1101,0
AASHIRVAAD ATTA 1KG,FLOUR,GENERAL,GST 5%,47.24,49.01,57,1650,1560,PKT,30,SHREE SHANER AGANICES,1101,0
AASHIRVAAD ATTA 500GM,FLOUR,GENERAL,GST 5%,1417.2,1476.16,1860,1680,1560,PKT,60,SHREE SHANER AGANICES,1101,0
AASHIRVAAD ATTA 5KG,FLOUR,GENERAL,GST 5%,234.05,229.16,270,1530,1500,PKT,6,SHREE SHANER AGANICES,1101,0
AASHIRVAAD GHEE 200ML,GHEE,TATA,GST 12%,136.24,146.49,170,150,155,NOS,1,SHREE SHANER AGANICES,405,0
AISHWARYA 25KG,HALF BOILED,GENERAL,GST 0%,46,46,2900,1250,120,KGS,25,MANI BAJI SHOP,1006,0
AJINOMOTO 500G,SPICES,GENERAL,GST 18%,101.7,120.01,150,140,130,PKT,40,VENKATESHWARA AGENCIES,29224220,0
AJITH 25KG,RAW RICE,GENERAL,GST 0%,44,44,2600,1300,1250,KGS,25,HIRA TADERS,1006,0
AKR JEERA RICE 25KG,JEERA RICE,GENERAL,GST 0%,2172.4,2172.4,3500,2500,2250,BAG,25,HIRA TADERS,1006,0
ALL OUT REF 45N,MOSQUITO,ALL OUT,GST 18%,57.8,66.16,75,70,68,NOS,12,SRI RAM AGENCY,38089191,0
ALL OUT SLIDER,MOSQUITO,ALL OUT,GST 18%,67.05,76.75,89,85,80,NOS,1,SRI RAM AGENCY,38089191,0
AMMA 25KG,HALF BOILED,GENERAL,GST 0%,35,35,1500,900,880,KGS,25,EASHWAR ENTERPRISES,1006,0
ANNACHI POO,SPICES,GENERAL,GST 18%,850,1003,0,1200,1150,KGS,1,CASH BILL,1207,0
APPLE GREEN BUSH,GENERAL,GENERAL,GST 18%,40,45,55,55,50,NOS,1,MANI BAJI SHOP,2106,0
APPLE GREEN COLOR 20NO,GENERAL,GENERAL,GST 18%,1.4,1.65,40,35,40,NOS,20,MANI BAJI SHOP,2106,0
ARASAN,WASHING,GENERAL,GST 0%,13.833,13.833,16,15,14,NOS,60,MANI BAJI SHOP,,0
ARIEL COMP 700G,WASHING,P&G,GST 18%,82.39,97.22,105,105,100,PKT,34,BHAWAR SALES CORPORATION,34022010,0
ARIEL LIQUID TL 1LTR PM,WASHING,P&G,GST 18%,133.4,157.41,170,165,160,NOS,12,BHAWAR SALES CORPORATION,34022010,0
ARIEL MATIC TL 1KG,WASHING,P&G,GST 18%,176.55,208.33,225,220,210,NOS,18,BHAWAR SALES CORPORATION,34022010,0
ARIEL PWD 90GM 12SHEET,WASHING,P&G,GST 18%,7.2058,8.04,120,115,108,PKT,60,BHAWAR SALES CORPORATION,34022010,0
ARIEL PWD BLUE 500GM E,WASHING,P&G,GST 18%,56.5,66.67,72,70,68,NOS,48,BHAWAR SALES CORPORATION,34022010,0
ASAFOETIDA,SPICES,GENERAL,GST 0%,140,140,200,180,160,BOX,20,CASH BILL,1304,0
AVALAKKI 30KG,DALL,GENERAL,GST 0%,40,40,3100,1250,1200,KGS,40,MANI BAJI SHOP,1006,0
AVT GOLD CUP 10/-,BEVERAGES,AVT,GST 5%,8.2,8.61,10,100,90,SHEETS,25,KNK AGENCIES,9023010,0
AVT GOLD CUP 5/-,BEVERAGES,AVT,GST 5%,4.1,4.31,5,50,45,SHEETS,25,KNK AGENCIES,9023010,0
AVT GOLD CUP 500GM,BEVERAGES,AVT,GST 5%,216.06,226.86,1024,960,940,BUNDAL,12,KNK AGENCIES,9023030,0
AVT PREM 1KG,BEVERAGES,AVT,GST 5%,275.48,289.25,325,300,295,PKT,24,KNK AGENCIES,9023020,0
BABY CASHEW 1KG,DRY FRUITS,GENERAL,GST 0%,200,200,450,400,350,KGS,1,,,0
BADAM,DRY FRUITS,GENERAL,GST 12%,450.8928,505,1200,1000,800,KGS,1,SHAMBHAVI SYNDICATE,802,0
BADAM DRINK 450GMS,BEVERAGES,MTR,GST 18%,179.77,212.13,245,230,220,PKT,24,VENKATESHWARA AGENCIES,21069099,0
BADAM DRINK MIX 10GMS,BEVERAGES,MTR,GST 18%,3.67,4.33,5,50,46,SHEETS,10,VENKATESHWARA AGENCIES,21609099,0
BADAM MIX DRINK 200GMS,BEVERAGES,MTR,GST 18%,88.9,104.9,120,3450,3300,BOX,15,VENKATESHWARA AGENCIES,21069099,0
BAFFUN CAP,GENERAL,GENERAL,GST 0%,40,40,0,60,50,NOS,1,MANI BAJI SHOP,,0
BAKESMITH PARLE MARIE 10/-,BISCUITS,PARLE,GST 18%,7.57,8.93,10,10,9.2,NOS,1,R.K MARKETING,19059020,0
BAKING POWDER 1KG,SNACKS,GENERAL,GST 18%,45,53.1,0,75,70,KGS,1,MANI BAJI SHOP,,0
BALANCE,GENERAL,GENERAL,GST 0%,0,0,0,0,0,NOS,1,,,0
BALLAR 50KG,DALL,GENERAL,GST 0%,2500,2500,4000,3000,2750,BAG,50,CASH BILL,713,0
BALLAR DALL 25KG,DALL,GENERAL,GST 0%,65,65,1900,1950,1750,KGS,25,MANI BAJI SHOP,713,0
BASMATHI GOLD 25KG,BASMATHI,GENERAL,GST 0%,1454.91,1454.91,3500,2000,1900,BAG,25,HIRA TADERS,1006,0
BASMATHI PLT 25KG,BASMATHI,GENERAL,GST 0%,1654.21,1654.21,4500,2100,2000,BAG,25,HIRA TADERS,1006,0
BASMATHI TIBAR 25KG,BASMATHI,GENERAL,GST 0%,80,80,2750,2100,2050,KGS,25,KIRORIMAL KASHIRAM SONS,1006,0
BEARLY RICE 25KG,RAW RICE,GENERAL,GST 0%,60,60,0,1625,1600,KGS,25,MANI BAJI SHOP,1006,0
BETEL NUTS,SPICES,GENERAL,GST 0%,0,0,0,90,75,KGS,1,MANI BAJI SHOP,1404,0
BINGO ORIGINAL CHILLI 10/-,CHIPS,ITC,GST 12%,8.16,8.77,10,110,105,SHEETS,11,SHREE SHANER AGANICES,2005,0
BINGO ORIGINAL SALT 10/-,CHIPS,ITC,GST 12%,8.16,8.87,10,110,105,SHEETS,11,SHREE SHANER AGANICES,2005,0
BISBELEBATH POWDER 10/-,MASALA,MTR,GST 5%,8.25,8.66,10,120,102,SHEETS,12,VENKATESHWARA AGENCIES,9109100,0
BL BANSI SOOJI 500GM,FLOUR,GENERAL,GST 0%,19,19,35,880,840,PKT,40,BHAGYALAKSHMI,1106,0
BL CHAKKI ATTA 10KG,FLOUR,GENERAL,GST 0%,300,300,450,1080,1020,PKT,3,BHAGYALAKSHMI,1106,0
BL CHAKKI ATTA 1KG,FLOUR,GENERAL,GST 0%,31,31,48,640,630,PKT,20,BHAGYALAKSHMI,1106,0
BL CHAKKI ATTA 500GM,FLOUR,GENERAL,GST 0%,15.5,15.5,0,800,750,BAG,40,MANI BAJI SHOP,1106,0
BL CHAKKI ATTA 5KG,FLOUR,GENERAL,GST 0%,930,930,0,1000,980,BAG,6,MANI BAJI SHOP,1106,0
BL CHIROTI SOOJI 500GM,FLOUR,GENERAL,GST 0%,21,21,0,880,860,BAG,40,BHAGYALAKSHMI,1106,0
BL CORN FLOUR 1KG,FLOUR,GENERAL,GST 0%,34,34,0,1000,950,BAG,25,MANI BAJI SHOP,1106,0
BL GRAM FLOUR 500GM,FLOUR,GENERAL,GST 0%,38.5,38.5,45,1600,1550,BAG,40,BHAGYALAKSHMI,1106,0
BL GRAM FLOUR GLOBE 10KG,FLOUR,GENERAL,GST 0%,750,750,0,2500,2350,BOX,3,BHAGYALAKSHMI,1106,0
BL GRAM FLOUR SBL 10KG,FLOUR,BHAGYALAKSHMI,GST 0%,620,620,700,1950,1920,BOX,3,BHAGYALAKSHMI,1101,0
BL GRAM FLOUR TIGER 10KG,FLOUR,GENERAL,GST 0%,560,570,0,1950,1900,BOX,3,BHAGYALAKSHMI,1106,0
BL MAIDA 1KG,FLOUR,GENERAL,GST 0%,30.5,31,0,650,630,BOX,40,BHAGYALAKSHMI,1106,0
BL MAIDA 500GM,FLOUR,GENERAL,GST 0%,15.25,15.25,0,650,630,BAG,40,BHAGYALAKSHMI,1106,0
BL MASSOR GOLA 30KG,DALL,GENERAL,GST 0%,2150,2150,0,2300,2250,BAG,30,CASH BILL,713,0
BL RAGI FLOUR 1KG,FLOUR,GENERAL,GST 0%,31.25,32,45,650,640,BOX,20,MANI BAJI SHOP,1106,0
BL RAGI FLOUR 500GM,FLOUR,GENERAL,GST 0%,15.65,16,0,650,640,BOX,40,BHAGYALAKSHMI,1106,0
BL RICE FLAKS 30KG,DALL,GENERAL,GST 0%,1000,1000,0,1200,1150,BAG,30,CASH BILL,713,0
BL RICE FLOUR 1KG,FLOUR,GENERAL,GST 0%,34,35,0,720,700,BOX,20,BHAGYALAKSHMI,1106,0
BL ROASTED SOOJI 1KG,DALL,GENERAL,GST 0%,35,35,50,940,920,BOX,20,BHAGYALAKSHMI,713,0
BL ROASTED SOOJI 500GM,DALL,GENERAL,GST 0%,21,21,28,940,920,BOX,40,BHAGYALAKSHMI,713,0
BL SOOJI 500GM,FLOUR,GENERAL,GST 0%,21,21,25,880,22,PKT,40,CASH BILL,,0
BL THICK RICE FLAKS 500GM,DALL,GENERAL,GST 0%,25.5,26.5,0,1100,1080,BOX,40,BHAGYALAKSHMI,1106,0
BL THIN RICE FLAKS 500GM,DALL,GENERAL,GST 0%,28,28,0,1200,1150,BOX,40,BHAGYALAKSHMI,1106,0
BLACK JEERA,SPICES,GENERAL,GST 18%,280,310,10,340,320,KGS,1,CASH BILL,,0
BLACK JEERA 10 NO,10 SHEET,GENERAL,GST 18%,5.5,6.49,10,9,8,PKT,1,CASH BILL,9083190,0
BLACK STONE AGARBATTI,POOJA ITEMS,GENERAL,GST 0%,40,40,55,300,270,BUNDAL,6,MANI BAJI SHOP,,0
BLACK TILL,SPICES,GENERAL,GST 18%,120,141.6,0,160,150,KGS,1,MANI BAJI SHOP,,0
BOOST 5/-,BEVERAGES,NESTLE,GST 18%,4,4.72,5,75,72,SHEETS,15,,,0
BOOST BISCUIT 10/-,BISCUITS,NESTLE,GST 18%,7.7,8.81,10,115,110,BUNDAL,12,R K AGENCIES,19053100,0
BOUNCE CHOCO 5/-,BISCUITS,ITC,GST 18%,3.89,4.45,5,60,57,BUNDLE,12,SHREE SHANER AGANICES,1905,0
BOUNCE ELAICHI 5/-,BISCUITS,ITC,GST 18%,3.88,4.44,5,60,57,BUNDLE,12,SHREE SHANER AGANICES,1905,0
BOUNCE ORANGE 5/-,BISCUITS,ITC,GST 18%,3.88,4.44,5,60,57,BUNDLE,12,SHREE SHANER AGANICES,1905,0
BOUNCE PINEAPPLE 5/-,BISCUITS,ITC,GST 18%,3.88,4.44,5,60,57,BUNDLE,12,SHREE SHANER AGANICES,1905,0
BROKANE 8800 25KG,HALF BOILED,GENERAL,GST 0%,16,16,0,450,430,KGS,25,,1006,0
BROKANE KALKI 25KG,HALF BOILED,GENERAL,GST 0%,20,20,0,550,500,KGS,25,MANI BAJI SHOP,1006,0
BRU GREEN LABEL 100G,BEVERAGES,HINDUSTAN,GST 5%,21.45,22.52,25,100,94,SHEETS,4,SRI BALAJI TRADING COMPANY,9019020,0
BRU GREEN LABEL 200G,BEVERAGES,HINDUSTAN,GST 5%,51.48,54.05,60,58,55,NOS,1,SRI BALAJI TRADING COMPANY,9019020,0
BRU GREEN LABEL 500G,BEVERAGES,HINDUSTAN,GST 5%,132.99,139.64,155,150,145,NOS,1,SRI BALAJI TRADING COMPANY,9019020,0
BRU INS 10/-,BEVERAGES,HINDUSTAN,GST 18%,7.43,8.77,10,120,108,SHEETS,12,SRI BALAJI TRADING COMPANY,21011120,0
BRU INS 2/-,BEVERAGES,HINDUSTAN,GST 18%,1.49,1.76,2,48,21.6,SHEETS,1,SRI BALAJI TRADING COMPANY,21011120,0
BRU INS 3/-,BEVERAGES,HINDUSTAN,GST 18%,2.4,2.83,3,72,69.6,SHEETS,1,SRI BALAJI TRADING COMPANY,21011120,0
BRU INS 5/-,BEVERAGES,HINDUSTAN,GST 18%,3.72,4.39,5,75,69,SHEETS,15,SRI BALAJI TRADING COMPANY,21011120,0
BRU INSTANT SUPER STRONG 200G,BEVERAGES,HINDUSTAN,GST 18%,123.49,145.72,153,153,150,SHEETS,3,SRI BALAJI TRADING COMPANY,2101112,0
BRU TRIPTI SUPER STRONG 200G,BEVERAGES,HINDUSTAN,GST 18%,121.87,143.81,151,150,145,SHEETS,3,SRI BALAJI TRADING COMPANY,2101112,0
BULLET JEERA 25KG,HALF BOILED,GENERAL,GST 0%,36.4,36.4,1200,950,930,KGS,25,EASHWAR ENTERPRISES,1006,0
BULLET JEERA NEW 25KG,HALF BOILED,GENERAL,GST 0%,36,36,1800,980,960,BAG,25,MANI BAJI SHOP,1006,0
BUTTER 500GM,GENERAL,GENERAL,GST 0%,270,270,300,300,290,NOS,1,,,0
CANDEL 10/-,GENERAL,GENERAL,GST 12%,6,6.72,10,90,80,BUNDAL,10,MANI BAJI SHOP,3406,0
CANDEL 2/-,GENERAL,GENERAL,GST 12%,1.15,1.29,2,80,75,BUNDAL,50,MANI BAJI SHOP,3406,0
CANDEL 5/-,GENERAL,GENERAL,GST 12%,3,3.36,5,90,80,BUNDAL,20,MANI BAJI SHOP,3406,0
CAP,GENERAL,GENERAL,GST 0%,60,60,100,80,70,NOS,1,,,0
CARDAMOM,SPICES,GENERAL,GST 18%,2400,2400,0,4900,5100,KGS,1,,9083190,0
CARDAMOM 10/-,10 SHEET,GENERAL,GST 18%,4.5,5.31,10,80,75,SHEETS,10,MANI BAJI SHOP,9083190,0
CARDAMOM 5/-,AMAR,GENERAL,GST 0%,190,190,0,240,230,BUNDAL,60,CASH BILL,910,0
CASHEW 10/-,10 SHEET,GENERAL,GST 0%,5.5,5.5,10,80,75,SHEETS,10,MANI BAJI SHOP,801,0
CASHEW 2PC 1KG,DRY FRUITS,GENERAL,GST 0%,490,490,700,650,600,KGS,1,SAI RAM STORES,802,0
CASHEW 4PC,DRY FRUITS,GENERAL,GST 18%,300,354,0,450,400,KGS,1,,,0
CASHEW 5/-,AMAR,GENERAL,GST 0%,190,190,0,240,230,BUNDAL,60,CASH BILL,801,0
CASHEW FULL 1KG,DRY FRUITS,GENERAL,GST 18%,490,578.2,0,700,650,KGS,1,,802,0
CHAAT MASALA 100GM,MASALA,EVEREST,GST 18%,49.62,55.9,62,600,580,BUNDAL,10,SREE SAPTHAGIRI ENTERPRISES,,0
CHAKRA GOLD 100GM,BEVERAGES,TATA,GST 5%,61.23,64.29,70,8160,7920,PKT,120,SRI VISHNU AGENCIES,9023020,0
CHAKRA GOLD 1KG,BEVERAGES,TATA,GST 5%,428.57,450,530,11520,11040,PKT,24,SRI VISHNU AGENCIES,9023020,0
CHAKRA GOLD 250GM,BEVERAGES,TATA,GST 5%,148.73,156.17,170,7920,7680,PKT,48,SRI VISHNU AGENCIES,9023020,0
CHANDANA 25KG,HALF BOILED,GENERAL,GST 0%,42,42,0,1200,1150,BAG,25,,1006,0
CHANDRIKA 75GM,SOAP,WIPRO,GST 18%,20.34,24,27,26,25,NOS,60,SRI LAKSHMI ENTERPRISES,3401,0
CHANNA 30KG,DALL,GENERAL,GST 0%,64.7,65,2900,2050,2020,KGS,1,DAIMOND TRADING COMPANY,713,0
CHEQUE RETURN,GENERAL,GENERAL,GST 0%,450,450,450,450,450,NOS,1,MANI BAJI SHOP,,0
CHIK BLK PRO 5M+1M,SHAMPOO,CALVIN CARE,GST 18%,0.77,0.76,1,18,16,SHEETS,1920,SRI PONNIAMMAN AGENCY,33051090,0
CHIK EGG HR 5M+1M,SHAMPOO,CALVIN CARE,GST 18%,0.77,0.78,1,18,16,SHEETS,1920,SRI PONNIAMMAN AGENCY,33051090,0
CHIK JAS SOYA 5M+1M,SHAMPOO,CALVIN CARE,GST 18%,0.77,0.76,1,18,16,SHEETS,1920,SRI PONNIAMMAN AGENCY,33051090,0
CHIKKI 2/-,SNACKS,PARLE,GST 5%,1.55,1.63,2,200,180,BOTTLE,100,R.K MARKETING,1702,0
CHIKKI 5/-,SNACKS,PARLE,GST 5%,3.81,4,5,200,180,BOTTLE,40,R.K MARKETING,21069099,0
CHILLI BIG 10KG,SPICES,GENERAL,GST 0%,1700,1700,0,2100,2050,BAG,10,CASH BILL,904,0
CHILLI BYDAGI 10KG,SPICES,GENERAL,GST 0%,240,240,0,3600,3500,KGS,10,,904,0
CHILLI ROUND 20KG,SPICES,GENERAL,GST 0%,170,170,250,2500,2350,KGS,20,CASH BILL,904,0
CHILLI SAUCE 1LTR,SAUCE,GENERAL,GST 0%,20.85,22,0,400,350,BOX,12,,904,0
CHILLI SMALLS 10KG,SPICES,GENERAL,GST 0%,160,160,0,2200,2000,KGS,10,,904,0
CHILLI STEEMLESS 10KG,SPICES,GENERAL,GST 0%,150,150,0,2500,2300,KGS,10,,904,0
CHOCO ECLAIRS 185GM,CHOCOLATE,ITC,GST 12%,0,0,50,0,0,PKT,14,SHREE SHANER AGANICES,1806,0
CHOCOS 10/-,SNACKS,KELOCKS,GST 0%,0,0,10,10,0,SHEETS,1,,,0
CHOCOS 5/-,SNACKS,KELOCKS,GST 0%,0,0,5,5,4.5,SHEETS,1,,,0
CHOLLE MASALA 100GM,MASALA,EVEREST,GST 18%,50.38,56.74,63,600,580,BUNDAL,10,SREE SAPTHAGIRI ENTERPRISES,,0
CIBACA BRESH 15/-,TOOTH BRESH,GENERAL,GST 18%,9.416,11.11,15,180,150,SHEETS,1,NEW GOLDEN AGENCIES,3306,0
CINTHOL COOL 100GM,SOAP,GODREJ,GST 18%,27.47,32.22,35,35,33.5,NOS,1,NEW GOLDEN AGENCIES,34011190,0
CINTHOL HEALTH 35/-,SOAP,GODREJ,GST 18%,27.47,32.12,35,35,33,NOS,1,NEW GOLDEN AGENCIES,34011190,0
CINTHOL LIME 31/-,SOAP,GODREJ,GST 18%,24.32,28.5,31,30,29,NOS,1,NEW GOLDEN AGENCIES,34011190,0
CINTHOL ORIGINAL 10/-,SOAP,GODREJ,GST 18%,7.88,8.71,10,240,228,BUNDAL,12,NEW GOLDEN AGENCIES,34011190,0
CINTHOL ORIGINAL 100G,SOAP,GODREJ,GST 18%,28.4,33.51,36,35,33.5,NOS,160,NEW GOLDEN AGENCIES,34011190,0
CINTHOL ORIGINAL 150GM,SOAP,GODREJ,GST 18%,38.63,44.8,49,49,47,NOS,1,NEW GOLDEN AGENCIES,34011190,0
CITRUS BAR 10/-,DISHWASH,CITRUS,GST 18%,7.63,9,10,600,570,NOS,60,V.K AGENCIES,8422,0
CITRUS PLUS BAR 5/-,WASHING,CITRUS,GST 18%,3.6,4.25,5,830,788,BOX,175,V.K AGENCIES,34054000,0
CITRUS TUB 500GM,WASHING,CITRUS,GST 0%,30,30,45,40,35,NOS,1,MANI BAJI SHOP,,0
CLASSIC BASMATHI 25KG,RAW RICE,GENERAL,GST 5%,3404.76,3575,210,4200,3200,BAG,25,HIRA TADERS,1006,0
CLASSIC JEERAGASAMBA RICE 25KG,JEERA RICE,GENERAL,GST 0%,77.728,77.28,2800,2100,2050,KGS,25,HIRA TADERS,1006,0
CLEAR DNDRF SHAMP 5.5ML,SHAMPOO,HINDUSTAN,GST 18%,1,1.15,1.5,19,18.5,SHEETS,576,SRI BALAJI TRADING COMPANY,33051090,0
CLINIC PLUS S&L 6.5ML,SHAMPOO,HINDUSTAN,GST 18%,0.68,0.78,1,16,15,SHEETS,960,SRI BALAJI TRADING COMPANY,33051090,0
CLOSEUP 20/-,PASTE,CLOSEUP,GST 18%,15.17,17.9,20,220,209,SHEETS,24,MANI BAJI SHOP,3306,0
CLOSEUP RED ACT 150GM,PASTE,CLOSEUP,GST 18%,66,77.88,85,996,960,BUNDAL,24,MANI BAJI SHOP,3306,0
CLOSEUP RED ACT 80GM,PASTE,CLOSEUP,GST 18%,38.5,45.43,50,600,576,BUNDAL,24,MANI BAJI SHOP,3306,0
CLOSEUP RED HOT ACT,PASTE,CLOSEUP,GST 18%,7,8.26,10,120,108,BUNDAL,24,MANI BAJI SHOP,3306,0
CLOVE,SPICES,GENERAL,GST 0%,550,550,0,750,700,KGS,1,CASH BILL,1207,0
CLOVE 5/-,AMAR,GENERAL,GST 18%,3.33,3.33,5,300,240,BUNDAL,60,MANI BAJI SHOP,907,0
COCONUT COVER,GENERAL,GENERAL,GST 0%,110,110,0,120,115,NOS,1,MANI BAJI SHOP,,0
COCONUT OIL 1LTR,COCONUT OIL,KALESHWARI,GST 5%,173,181.65,220,2100,200,PKT,10,DEEPANATH ENTERPRISES,15131100,0
COCONUT POWDER 1KG,GENERAL,GENERAL,GST 0%,120,120,0,150,120,KGS,1,MANI BAJI SHOP,801,0
COFFEE SPECIAL GOLD 200,BEVERAGES,GENERAL,GST 5%,73.7067,75.84,89,85,80,NOS,1,LAKSHMI ENTERPRISES,9019020,0
COFFEE SPECIAL GOLD 50,BEVERAGES,GENERAL,GST 5%,18.2195,18.75,22,22,20,NOS,1,LAKSHMI ENTERPRISES,9019020,0
COL ACT SALT 10/-,PASTE,GODREJ,GST 18%,7.75,9.15,10,115,110,SHEETS,1,NEW GOLDEN AGENCIES,33061020,0
COL ACT SALT 100+200GM,PASTE,GODREJ,GST 18%,106.3167,125.45,138,130,128,NOS,1,NEW GOLDEN AGENCIES,33061020,0
COL ACT SALT 20/-,PASTE,GODREJ,GST 18%,15.7167,18.55,20,234,228,BUNDLE,1,NEW GOLDEN AGENCIES,33061020,0
COL ACT SALT 200GM,PASTE,GODREJ,GST 18%,78.5819,92.73,100,95,93,NOS,1,NEW GOLDEN AGENCIES,33061020,0
COL ACT SALT 55/-,PASTE,COLGATE,GST 18%,42.4,49.03,55,636,624,DOZEN,10,NEW GOLDEN AGENCIES,33061020,0
COL CIBACA 175GM,PASTE,GODREJ,GST 18%,42.3611,49.99,55,55,52,NOS,72,NEW GOLDEN AGENCIES,33061020,0
COL CIBACA 80GM,PASTE,GODREJ,GST 18%,23.1167,27.28,30,30,28,NOS,1,NEW GOLDEN AGENCIES,33061020,0
COL MAX FRESH 70GM + 20% EXTRA,PASTE,GODREJ,GST 18%,40.8333,48.18,53,52,50,NOS,1,NEW GOLDEN AGENCIES,33061020,0
COL MAX FRESH BLUE 150GM,PASTE,GODREJ,GST 18%,73.1833,86.36,96,90,88,NOS,1,NEW GOLDEN AGENCIES,33061020,0
COL MAX FRESH BLUE 80GM,PASTE,GODREJ,GST 18%,40.8333,48.18,53,50,49,NOS,1,NEW GOLDEN AGENCIES,33061020,0
COL MAX FRESH RED 150GM,PASTE,GODREJ,GST 18%,73.1833,86.36,96,90,88,NOS,1,NEW GOLDEN AGENCIES,33061020,0
COL STRONG TEETH 100GM,PASTE,GODREJ,GST 18%,40.4621,47.75,52,50,48.5,NOS,1,NEW GOLDEN AGENCIES,33061020,0
COL STRONG TEETH 150GM,PASTE,GODREJ,GST 18%,52.3889,61.82,68,65,62,NOS,1,NEW GOLDEN AGENCIES,33061020,0
COL STRONG TEETH 200+100GM,PASTE,GODREJ,GST 18%,114.3833,134.97,147,140,138,NOS,1,NEW GOLDEN AGENCIES,33061020,0
COL STRONG TEETH 200GM,PASTE,GODREJ,GST 18%,73.9208,87.23,95,90,88.5,NOS,1,NEW GOLDEN AGENCIES,33061020,0
COL VEDSHAKTI 100GM,PASTE,GODREJ,GST 18%,41.2583,48.68,52,50,49,NOS,1,NEW GOLDEN AGENCIES,33061020,0
COL VEDSHAKTI 20/-,PASTE,GODREJ,GST 18%,15.4067,18.18,20,20,19,NOS,1,NEW GOLDEN AGENCIES,33061020,0
COL VEDSHAKTI 200GM,PASTE,GODREJ,GST 18%,73.1917,86.37,95,90,88,NOS,1,NEW GOLDEN AGENCIES,33061020,0
COLOR APPLE GREEN,SPICES,GENERAL,GST 0%,0.8,0.8,40,35,30,BOX,20,,32030020,0
COLOR APPLE GREEN BUSH,SPICES,GENERAL,GST 0%,45,45,0,55,50,BOX,1,CASH BILL,32030020,0
COLOR KESARI,SPICES,GENERAL,GST 0%,0.8,0.8,40,35,30,BOX,20,,32030020,0
COLOR KESARI BUSH,SPICES,GENERAL,GST 0%,40,40,55,55,50,BOX,1,CASH BILL,32030020,0
COLOR LEMON YELLOW,SPICES,GENERAL,GST 0%,0.8,0.8,40,35,30,BOX,20,,32030020,0
COLOR LEMON YELLOW BUSH,SPICES,GENERAL,GST 0%,45,45,55,55,50,BOX,1,CASH BILL,32030020,0
COLOR ORANGE RED,SPICES,GENERAL,GST 0%,0.8,0.8,0,35,30,BOX,20,,3203002,0
COLOR ORANGE RED BUSH,SPICES,GENERAL,GST 0%,50,50,55,55,50,BOX,1,CASH BILL,32030020,0
COMFORT BLUE 220ML,COMFORT,HINDUSTAN,GST 18%,43.94,51.85,56,56,53,NOS,1,SRI BALAJI TRADING COMPANY,34022010,0
COMFORT BLUE JACONET 20ML,COMFORT,HINDUSTAN,GST 18%,2.35,2.77,3,30,29,SHEETS,72,SRI BALAJI TRADING COMPANY,34022010,0
COMFORT GREEN 220ML,COMFORT,HINDUSTAN,GST 18%,43.94,51.85,56,56,53,NOS,1,SRI BALAJI TRADING COMPANY,34022010,0
COMFORT PINK JACONET 20ML,COMFORT,HINDUSTAN,GST 18%,2.35,2.77,3,30,29,SHEETS,72,SRI BALAJI TRADING COMPANY,34022010,0
CONGRESS MASALA,MASALA,GENERAL,GST 18%,100,118,0,140,130,KGS,1,MANI BAJI SHOP,,0
CONGRESS MASALA 1KG,SNACKS,GENERAL,GST 0%,128,128,170,150,135,KGS,1,,,0
COOLI,GENERAL,GENERAL,GST 0%,3,3,0,3,3,NOS,1,MANI BAJI SHOP,,0
CREYSTAL SALT OFRESH 25KG,SALT,GENERAL,GST 0%,160,160,250,250,190,BAG,25,SHAMBHAVI SYNDICATE,25010010,0
CUP,FUNCTION,GENERAL,GST 0%,0,0,0,0,0,NOS,1,,,0
CYCLE 3 IN1 10/-,POOJA ITEMS,CYCLE,GST 5%,7.7,8.09,10,10,9,NOS,1,NATIONAL AGENCY,3307,0
CYCLE 3 IN1 20/-,POOJA ITEMS,CYCLE,GST 5%,15.88,16.67,20,20,18,NOS,1,NATIONAL AGENCY,3307,0
CYCLE 3 IN1 30/-,POOJA ITEMS,CYCLE,GST 5%,23.81,25,30,30,27,NOS,1,NATIONAL AGENCY,3307,0
CYCLE 3 IN1 ECONOMY,POOJA ITEMS,CYCLE,GST 5%,39.69,41.67,50,50,45,NOS,1,NATIONAL AGENCY,3307,0
DANIYA 40KG,MASALA,GENERAL,GST 0%,2950,2950,3500,3200,3150,BAG,40,CASH BILL,909,0
DANIYA VIP 40KG,MASALA,GENERAL,GST 5%,72.5,72.5,4500,3300,3250,KGS,40,SRI SUDHA TRADERS AY 2020-2021,909,0
DARK FANTASY CHOCO FILLS 20G,BISCUITS,ITC,GST 18%,7.52,8.52,10,100,90,SHEETS,10,SHREE SHANER AGANICES,1905,0
DETOL COOL 125GM,SOAP,DETOL,GST 18%,39.23,44.9,50,50,48,NOS,150,SAGAR DISTRIBUTOR,3401,0
DETOL COOL 75GM,SOAP,DETOL,GST 18%,23.54,26.94,30,30,28.5,NOS,240,SAGAR DISTRIBUTOR,3401,0
DETOL IN ANS LIQ 125ML,SOAP,DETOL,GST 12%,46.57,52.16,60.5,60,55,NOS,96,SAGAR DISTRIBUTOR,3004,0
DETOL IN ASL 250ML,SOAP,DETOL,GST 12%,81.28,91.03,105.6,100,95,NOS,48,SAGAR DISTRIBUTOR,3004,0
DETOL ORG 125GM,SOAP,DETOL,GST 18%,39.23,44.9,50,50,48,NOS,150,SAGAR DISTRIBUTOR,3401,0
DETOL ORG 75GM,SOAP,DETOL,GST 18%,23.54,26.94,30,30,28.5,NOS,240,SAGAR DISTRIBUTOR,3401,0
DETOL SKC 125GM,SOAP,DETOL,GST 18%,39.23,44.9,50,50,48,NOS,150,SAGAR DISTRIBUTOR,3401,0
DETOL SKC 75GM,SOAP,DETOL,GST 18%,25.9,29.65,33,33,32,NOS,240,SAGAR DISTRIBUTOR,3401,0
DO KASTHURI 500ML,DEEPAM OIL,GENERAL,GST 18%,45,53.1,60,1320,1300,BOX,24,MANI BAJI SHOP,1207,0
DO MUNGAI 200ML,DEEPAM OIL,GENERAL,GST 5%,1000,1050,0,1100,1080,BOX,50,CASH BILL,1518,0
DO MUNGAI 400ML,DEEPAM OIL,GENERAL,GST 5%,800,840,0,950,900,BOX,20,CASH BILL,1518,0
DO MUNGAI 800ML,DEEPAM OIL,GENERAL,GST 5%,800,840,0,950,900,BOX,10,CASH BILL,1518,0
DO SUN 1LTR,DEEPAM OIL,GENERAL,GST 5%,760,798,0,850,830,BOX,10,CASH BILL,1518,0
DO SUN 200ML,DEEPAM OIL,GENERAL,GST 5%,960,1008,0,1050,1030,BOX,50,CASH BILL,1518,0
DO SUN 500ML,DEEPAM OIL,GENERAL,GST 5%,760,798,0,850,820,BOX,20,CASH BILL,1518,0
DOUBLE HORSE 25KG,HALF BOILED,GENERAL,GST 0%,36,36,0,950,930,BAG,25,MANI BAJI SHOP,1006,0
DOUBLE PURA 25KG,FULL BOILED,GENERAL,GST 0%,890,890,0,950,900,BAG,1,CASH BILL,1006,0
DOUBLE ROSE 25KG,FULL BOILED,GENERAL,GST 0%,890,890,0,950,920,BAG,1,CASH BILL,1006,0
DOVE CREAM BAR 100G,SOAP,HINDUSTAN,GST 18%,35.31,40,45,45,42,NOS,1,SRI BALAJI TRADING COMPANY,34011190,0
DOVE CREAM BAR 50G,SOAP,HINDUSTAN,GST 18%,17.26,19.55,22,22,20,NOS,1,SRI BALAJI TRADING COMPANY,34011190,0
DOVE DAILY SHINE 2/-,SHAMPOO,HINDUSTAN,GST 18%,1.4,1.53,2,32,30,SHEETS,960,SRI BALAJI TRADING COMPANY,,0
DOVE DAILY SHINE 80ML,SHAMPOO,HINDUSTAN,GST 18%,42.37,50,55,55,52,NOS,1,SRI BALAJI TRADING COMPANY,33051090,0
DOVE HAIR FALL 2/-,SHAMPOO,HINDUSTAN,GST 18%,1.4,1.53,2,32,30,SHEETS,960,SRI BALAJI TRADING COMPANY,,0
DRY COCONUT,SPICES,GENERAL,GST 18%,100,118,0,175,150,KGS,1,MANI BAJI SHOP,,0
DRY GRAPES 10/-,10 SHEET,GENERAL,GST 18%,4.5,5.31,10,80,75,SHEETS,10,MANI BAJI SHOP,802,0
DRY GRAPES 1KG,DRY FRUITS,GENERAL,GST 18%,190,224.2,0,350,340,KGS,1,,802,0
DRY GRAPES 5/-,DRY FRUITS,GENERAL,GST 18%,3.33,3.33,5,300,240,BUNDAL,60,MANI BAJI SHOP,802,0
DSM 10KG,FULL BOILED,GENERAL,GST 0%,510,510,0,550,530,BAG,1,CASH BILL,1006,0
DSM 25KG,FULL BOILED,GENERAL,GST 0%,1170,1170,0,1300,1280,BAG,1,MANI BAJI SHOP,1006,0
DUBAR 20PKT,BASMATHI,GENERAL,GST 0%,82,82,0,2000,1800,BAG,20,MANI BAJI SHOP,1006,0
DUBAR 25KG,BASMATHI,GENERAL,GST 0%,78,78,0,2100,2050,KGS,25,MANI BAJI SHOP,1006,0
DUBAR RICE 1KG,RAW RICE,GENERAL,GST 0%,82,82,0,1800,1760,BAG,20,,1006,0
ENO COLA,GENERAL,NESTLE,GST 18%,4.5,5.31,8,210,190,BOX,30,MANI BAJI SHOP,,0
ENO LEMON,GENERAL,NESTLE,GST 18%,4.5,5.31,8,420,400,BOX,60,MANI BAJI SHOP,,0
ENO ORANGE,GENERAL,NESTLE,GST 18%,4.5,5.31,8,210,190,BOX,30,MANI BAJI SHOP,,0
EVERYDAY MILK PWD 200GMS,BEVERAGES,NESTLE,GST 5%,91.71,96.3,104,600,588,SHEETS,72,R K AGENCIES,4022990,0
EVERYDAY MILK PWD 20GMS,BEVERAGES,NESTLE,GST 5%,8.82,9.26,10,120,114,SHEETS,32,R K AGENCIES,4022990,0
EXO BAR 3+1 130GMS,DISHWASH,EXO,GST 18%,23.55,27.23,30,28,27.5,NOS,30,SRI RAM AGENCY,3405400,0
EXO BAR 75GMS,DISHWASH,EXO,GST 18%,3.93,4.45,5,5,4.6,NOS,180,SRI RAM AGENCY,3405400,0
EXO BAR SET OF4 300GMS,DISHWASH,EXO,GST 18%,56.5,65.34,70,70,65.5,NOS,15,SRI RAM AGENCY,3405400,0
EXO DS ROUND 250GMS,DISHWASH,EXO,GST 18%,21.98,24.9,28,27,25,NOS,48,SRI RAM AGENCY,34054000,0
EXO DS ROUND 500GMS,DISHWASH,EXO,GST 18%,37.67,42.67,48,47,43,NOS,36,SRI RAM AGENCY,34054000,0
EXO STEEL SCRB 15/-,DISHWASH,EXO,GST 18%,5.65,6.67,15,10,8,NOS,312,SRI RAM AGENCY,73231000,0
EXTR CLEAN BRESH 18/-,TOOTH BRESH,GENERAL,GST 18%,0,0,18,210,200,SHEETS,12,MANI BAJI SHOP,3306,0
FAL  MV FW 50G,FACE WASH,HINDUSTAN,GST 18%,50.08,59.09,65,65,62,NOS,1,SRI BALAJI TRADING COMPANY,33049910,0
FAL ADV MV 15G,FACE CREAM,HINDUSTAN,GST 18%,15.41,18.18,20,20,19,NOS,1,SRI BALAJI TRADING COMPANY,33049910,0
FAL ADV MV 25G,FACE CREAM,HINDUSTAN,GST 18%,41.6,49.09,54,52,50,NOS,1,SRI BALAJI TRADING COMPANY,33049910,0
FAL ADV MV 50G,FACE CREAM,HINDUSTAN,GST 18%,78.58,92.72,102,100,95,NOS,1,SRI BALAJI TRADING COMPANY,33049910,0
FAL ADV MV 80G,FACE CREAM,HINDUSTAN,GST 18%,119.41,140.9,155,150,145,NOS,1,SRI BALAJI TRADING COMPANY,33049910,0
FAL ADV MV 9G,FACE CREAM,HINDUSTAN,GST 18%,6.93,8.18,9,9,8.5,NOS,1,SRI BALAJI TRADING COMPANY,33049910,0
FG 999 30G,DALL,GENERAL,GST 0%,65,65,3500,2300,2200,KGS,30,SHAMBHAVI SYNDICATE,713,0
FG GLOBE 30G,DALL,GENERAL,GST 0%,2280,2280,3500,2550,2500,BAG,30,CASH BILL,713,0
FG ROCKET 30KG,DALL,GENERAL,GST 0%,71,71,3600,2500,2300,KGS,30,DAIMOND TRADING COMPANY,713,0
FG THRISHUL 30KG,DALL,GENERAL,GST 0%,80,80,0,2600,2550,KGS,30,,713,0
FLAVOUR,SNACKS,GENERAL,GST 28%,10,12.8,25,20,15,BOTTLE,1,MANI BAJI SHOP,,0
FORTUNE 1LTR,REFINED OIL,TATA,GST 5%,129.52,136,145,1380,1370,BOX,10,SRI VISHNU AGENCIES,,0
FRIED GRAM ||,DALL,GENERAL,GST 0%,80,80,90,85,80,KGS,1,CASH BILL,0,0
FRIED RICE HOT & SPICY 20GMS,MIXED RICE,MTR,GST 12%,6.7,7.5,10,100,90,SHEETS,10,VENKATESHWARA AGENCIES,21039040,0
FRIED RICE ORIGINAL,MIXED RICE,MTR,GST 12%,6.7,7.5,10,100,90,SHEETS,10,VENKATESHWARA AGENCIES,21039040,0
FRUITEE FUN,CHOCOLATE,ITC,GST 12%,40.83,41.65,50,2016,1930,PKT,42,SHREE SHANER AGANICES,1704,0
FRYUMS 5KG,SNACKS,GENERAL,GST 0%,58.5,58.5,0,350,330,KGS,4,,,0
FULL BOILED RICE,FULL BOILED,GENERAL,GST 0%,52,52,0,55,53,KGS,1,CASH BILL,1006,0
FULL TOSS MASALA MASTI 5/-,CHIPS,PARLE,GST 12%,3.57,4,5,75,68,SHEETS,15,R.K MARKETING,21069099,0
FULL TOSS NOODLE 5/-,CHIPS,PARLE,GST 12%,3.57,4,5,75,68,SHEETS,15,R.K MARKETING,21069099,0
FULL TOSS THAI SRURACHA 5/-,CHIPS,PARLE,GST 12%,3.57,4,5,75,68,SHEETS,15,R.K MARKETING,21069099,0
FULL TOSS TOMATO 5/-,CHIPS,PARLE,GST 12%,3.57,4,5,75,68,SHEETS,15,R.K MARKETING,21069099,0
GARLLIC,MASALA,GENERAL,GST 0%,0,0,0,0,0,KGS,1,,,0
GD CLASSIC 30KG,DALL,GENERAL,GST 0%,59.33,59.33,3800,2100,1950,KGS,30,DAIMOND TRADING COMPANY,713,0
GD LIBARTY 50KG,DALL,GENERAL,GST 0%,3338.32,3338.32,5000,4500,4000,KGS,50,DAIMOND TRADING COMPANY,713,0
GD SARAVOTTAM 30KG,DALL,GENERAL,GST 0%,62,62,3800,2100,1950,KGS,30,SHAMBHAVI SYNDICATE,713,0
GINGER GARLLIC PASTE 1KG,PASTE,GENERAL,GST 5%,58,60.9,90,70,65,NOS,1,,910,0
GINGER GARLLIC PASTE 500GM,PASTE,GENERAL,GST 5%,58,60.9,90,70,65,NOS,1,MANI BAJI SHOP,910,0
GINGER GARLLIC PASTE RUCHI,PASTE,GENERAL,GST 0%,60,60,0,75,70,SHEETS,15,CASH BILL,2106,0
GINGERLLY OIL 1LTR,GINGERLLY OIL,KALESHWARI,GST 5%,224.76,236,270,2600,2550,PKT,10,DEEPANATH ENTERPRISES,15155091,0
GK ADV COOL,MOSQUITO,GOOD NIGHT,GST 18%,26.19,31.07,34,34,32,NOS,1,NEW GOLDEN AGENCIES,,0
GK GREEN SHAKTHI,MOSQUITO,GOOD NIGHT,GST 18%,28,33.04,35,35,33,NOS,1,MANI BAJI SHOP,,0
GLOVES,GENERAL,GENERAL,GST 0%,40,40,80,70,60,NOS,1,,,0
GLS 100W,BULB,CROMPTON,GST 18%,10.23,12.07,16,1300,1250,BOX,100,RAM COMMUNICATIONS,85392910,0
GLS 60W,BULB,CROMPTON,GST 18%,9.94,11.73,15,1250,1200,BOX,100,RAM COMMUNICATIONS,85392910,0
GOLD PONNI 10KG,FULL BOILED,GENERAL,GST 0%,510,510,0,550,530,BAG,1,CASH BILL,1006,0
GOLD PONNI 25KG,FULL BOILED,GENERAL,GST 0%,1250,1250,0,1300,1270,BAG,1,CASH BILL,1006,0
GOLD WINNER 1LTR,REFINED OIL,GENERAL,GST 5%,137.429,144.3,160,1400,1390,BOX,10,DEEPANATH ENTERPRISES,1512,0
GOLD WINNER 500ML,REFINED OIL,GENERAL,GST 5%,73.81,77.5,80,1440,1420,BOTTLE,20,DEEPANATH ENTERPRISES,1512,0
GOLD WINNER 5LTS,REFINED OIL,GENERAL,GST 5%,684.13,718.34,615,1830,1800,NOS,3,DEEPANATH ENTERPRISES,,0
GOOD DAY BUTTER 10/-,BISCUITS,BRITANNIA,GST 18%,7.73,8.8,10,650,645,PKT,72,SIVA TRADERS,19053100,0
GOOD DAY BUTTER 5/-,BISCUITS,BRITANNIA,GST 18%,3.86,4.4,5,800,780,PKT,168,SIVA TRADERS,19053100,0
GOOD DAY CASHEW 10/-,BISCUITS,BRITANNIA,GST 18%,7.73,8.8,10,650,645,PKT,72,SIVA TRADERS,19053100,0
GRAM 50KG,DALL,GENERAL,GST 0%,58,58,3900,3300,3500,KGS,50,DAIMOND TRADING COMPANY,713,0
GRAM DOLPHIN 30KG,DALL,GENERAL,GST 0%,67.6,68,3500,2500,2250,BAG,30,MANI BAJI SHOP,713,0
GRAPES 5/-,AMAR,GENERAL,GST 0%,3.3,3.3,0,240,230,BUNDAL,60,,806,0
GRB GHEE 100ML,GHEE,GENERAL,GST 12%,650,728,0,740,730,BOX,10,MANI BAJI SHOP,405,0
GRB GHEE 200ML,GHEE,GENERAL,GST 18%,110,129.8,136,135,130,PKT,1,MANI BAJI SHOP,405,0
GREEN PEAS 30KG,DALL,GENERAL,GST 0%,120,120,4950,4800,4200,KGS,30,BHAGYALAKSHMI,713,0
GREEN SHAKTHI,MOSQUITO,GODREJ,GST 18%,26.97,31.99,35,35,33,NOS,1,NEW GOLDEN AGENCIES,38089191,0
GROUND NUTS A 40KG,DALL,GENERAL,GST 0%,90,90,200,3800,3700,KGS,40,CASH BILL,1202,0
GROUND NUTS B 40KG,DALL,GENERAL,GST 0%,85,85,150,3500,3450,KGS,40,CASH BILL,1202,0
GTS,RAW RICE,GENERAL,GST 5%,64,65,2800,1700,1680,KGS,25,HIRA TADERS,1006,0
GTS OLD 25KG,RAW RICE,GENERAL,GST 5%,1505,1580.25,3000,1660,1450,BAG,1,EASHWAR ENTERPRISES,10063020,0
GVK 25KG,RAW RICE,GENERAL,GST 0%,0,0,0,1200,1150,BAG,1,,1106,0
GW GINGERLLY 1LTR,GINGERLLY OIL,GENERAL,GST 5%,230.476,242,275,2600,2550,PKT,10,DEEPANATH ENTERPRISES,15155091,0
GW GINGERLLY 200ML,GINGERLLY OIL,GENERAL,GST 5%,47.05,49.4,65,60,55,PKT,50,DEEPANATH ENTERPRISES,15155091,0
GW GINGERLLY 500ML,GINGERLLY OIL,GENERAL,GST 5%,116.19,122,170,2800,2600,PKT,20,DEEPANATH ENTERPRISES,15155091,0
H&S 5ML CLEAN 2/-,SHAMPOO,P&G,GST 18%,22.05,22.25,32,30,28,SHEETS,1440,BHAWAR SALES CORPORATION,33051090,0
H&S 5ML COOL 2/-,SHAMPOO,P&G,GST 18%,22.05,22.25,32,30,28,SHEETS,1440,BHAWAR SALES CORPORATION,33051090,0
H&S CM 180ML,SHAMPOO,P&G,GST 18%,115.56,136.36,150,145,140,NOS,24,BHAWAR SALES CORPORATION,33051090,0
H&S CM 3/-,SHAMPOO,P&G,GST 18%,33.07,39.02,48,45,43,SHEETS,40,BHAWAR SALES CORPORATION,33051090,0
H&S SHAMPOO 72ML,SHAMPOO,P&G,GST 18%,52.39,61.82,68,65,63,NOS,48,BHAWAR SALES CORPORATION,33051090,0
H&S SHAMPOO CM 72ML,SHAMPOO,P&G,GST 18%,52.39,61.82,68,65,63,NOS,48,BHAWAR SALES CORPORATION,33051090,0
H&S SHAMPOO SS 72ML,SHAMPOO,P&G,GST 18%,52.39,61.82,68,65,63,NOS,48,BHAWAR SALES CORPORATION,33051090,0
H&S SS 180ML,SHAMPOO,P&G,GST 18%,115.56,136.36,150,145,140,NOS,24,BHAWAR SALES CORPORATION,33051090,0
H&S SS 3/-,SHAMPOO,P&G,GST 18%,33.07,39.02,48,45,43,SHEETS,40,BHAWAR SALES CORPORATION,33051090,0
HAMAM SOAP 100G,SOAP,HINDUSTAN,GST 18%,25.11,29.63,32,32,31,NOS,144,SRI BALAJI TRADING COMPANY,34011190,0
HAMAM SOAP 150G,SOAP,HINDUSTAN,GST 18%,39.23,45.37,50,50,46,NOS,1,SRI BALAJI TRADING COMPANY,34011190,0
HAMAM SOAP 45G,SOAP,HINDUSTAN,GST 18%,7.85,8.89,10,10,9,NOS,1,SRI BALAJI TRADING COMPANY,34011190,0
HAMSA RICE 25KG,RAW RICE,GENERAL,GST 0%,26,26,40,750,730,BAG,25,DAIMOND TRADING COMPANY,1006,0
HAND COVER 13X16,COVER,GENERAL,GST 5%,17,17.85,36,200,190,BUNDAL,10,MANI BAJI SHOP,3926,0
HAND COVER 16X20,COVER,GENERAL,GST 5%,36,37.8,48,200,190,BUNDAL,5,MANI BAJI SHOP,3926,0
HAND COVER 9X13,COVER,GENERAL,GST 5%,7,7.35,20,100,90,BUNDAL,10,MANI BAJI SHOP,3926,0
HAND GLOVES,GENERAL,GENERAL,GST 0%,50,50,0,65,60,NOS,1,MANI BAJI SHOP,,0
HAPPY CHOCOLATE 5/-,BISCUITS,PARLE,GST 18%,3.78,4.37,5,60,58,BUNDAL,12,R.K MARKETING,19059020,0
HARDIL MO 1LTR,MUSTARD OIL,IDAYAM,GST 5%,137.14,144,300,2400,2325,BOX,15,AMIRTHAM ENTERPRISES,15149120,0
HARDIL MO 500ML,MUSTARD OIL,IDAYAM,GST 5%,71.43,75,112,3000,2550,BOX,30,AMIRTHAM ENTERPRISES,15149120,0
HARPIC FLO 200ML,TOILET,GODREJ,GST 18%,33.9,39.36,44,44,42,NOS,48,DESHIKASHREE ENTERPRISES,3808,0
HARPIC FLO 500ML,TOILET,GODREJ,GST 18%,70.11,81.41,91,90,85,NOS,24,DESHIKASHREE ENTERPRISES,3808,0
HARPIC LEM 200ML,TOILET,GODREJ,GST 18%,33.9,39.36,44,44,42,NOS,48,DESHIKASHREE ENTERPRISES,3808,0
HARPIC LEM 500ML,TOILET,GODREJ,GST 18%,70.11,81.41,91,90,85,NOS,24,DESHIKASHREE ENTERPRISES,3808,0
HARPIC ORG 200ML,TOILET,GODREJ,GST 18%,28.51,33.64,37,36,35,NOS,48,DESHIKASHREE ENTERPRISES,3808,0
HARPIC ORG 500ML,TOILET,GODREJ,GST 18%,66.25,76.92,86,85,80,NOS,24,DESHIKASHREE ENTERPRISES,3808,0
HARPIC PLUS 900ML,TOILET,GODREJ,GST 18%,116.34,134.12,151,150,140,NOS,12,DESHIKASHREE ENTERPRISES,3808,0
HATSUN 10/-,GHEE,GENERAL,GST 5%,160,168,10,200,180,SHEETS,20,CASH BILL,405,0
HIDE & SEEK 10/-,BISCUITS,PARLE,GST 18%,7.57,8.75,10,120,108,BUNDLE,12,R.K MARKETING,19059020,0
HIDE & SEEK 20GM,BISCUITS,PARLE,GST 18%,22.7,26.79,30,360,336,BUNDLE,12,R.K MARKETING,19059020,0
HIDE & SEEK COFFEE 20GM,BISCUITS,PARLE,GST 18%,22.7,26.79,30,30,28,PKT,18,R.K MARKETING,19059020,0
HIDE & SEEK CREAM CHOCOLATE 20GM,BISCUITS,PARLE,GST 18%,22.7,26.79,30,30,28,PKT,18,R.K MARKETING,19059020,0
HIDE & SEEK CREAM ORANGE 20GM,BISCUITS,PARLE,GST 18%,22.7,26.79,30,30,28,NOS,18,R.K MARKETING,19059020,0
HIDE & SEEK CREAM STRABERRY 20GM,BISCUITS,PARLE,GST 18%,22.7,26.79,30,30,28,NOS,18,R.K MARKETING,19059020,0
HIDE & SEEK CREAM VANILLA 20GM,BISCUITS,PARLE,GST 18%,22.7,26.79,30,30,28,NOS,1,R.K MARKETING,19059020,0
HIFI BUTTER 5/-,BISCUITS,HINDUSTAN,GST 18%,3.81,4.29,5,60,58,BUNDLE,12,SHREE SHANER AGANICES,1905,0
HIFI CASHEW 5/-,BISCUITS,ITC,GST 18%,3.81,4.29,5,60,58,BUNDLE,12,SHREE SHANER AGANICES,1905,0
HIRA ZEERA 25KG,RAW RICE,GENERAL,GST 0%,47.2,47.2,3200,1350,1300,BAG,2,HIRA TADERS,1006,0
HIT CIK 625ML 269/-,POISION,GODREJ,GST 18%,207.3,244.61,269,260,250,NOS,25,NEW GOLDEN AGENCIES,38089199,0
HIT CIK 65/-,MOSQUITO,GODREJ,GST 18%,50.08,59.1,65,65,62,NOS,1,NEW GOLDEN AGENCIES,38089199,0
HIT CIK 99/-,POISION,HIT,GST 18%,76.27,90,99,95,92,NOS,1,NEW GOLDEN AGENCIES,38089199,0
HIT FIK 99/-,POISION,HIT,GST 18%,76.27,90,99,95,92,NOS,1,NEW GOLDEN AGENCIES,38089199,0
HIT RAT GLUE PAD 100/-,MOSQUITO,GODREJ,GST 18%,42.37,50,100,80,70,NOS,1,NEW GOLDEN AGENCIES,38089990,0
HOLIGE PAPER,FUNCTION,GENERAL,GST 0%,5,5,0,10,9,NOS,1,,,0
HORLICKS 5/-,BEVERAGES,NESTLE,GST 18%,4,4.72,5,75,72,SHEETS,15,,,0
HORLICKS BISCUIT 10/-,BISCUITS,NESTLE,GST 18%,7.7,8.9,10,230,220,BUNDAL,4,R K AGENCIES,1905,0
HORLICKS PACK 200GM,BEVERAGES,NESTLE,GST 18%,70.62,83.33,90,90,85,PKT,1,R K AGENCIES,19019090,0
HORLICKS PET JAR 200GM,BEVERAGES,NESTLE,GST 18%,87.1,102.78,111,110,105,BOTTLE,1,R K AGENCIES,19019090,0
HORLICKS POUCH 500GM,BEVERAGES,NESTLE,GST 18%,150,177,195,195,190,NOS,1,,,0
HORSE GRAM 25KG,DALL,GENERAL,GST 0%,975,975,0,1000,990,BAG,25,CASH BILL,713,0
ICE SPL CHAKKI ATTA 50KG,FLOUR,GENERAL,GST 0%,1235,1235,3500,1350,1290,KGS,50,MANOJ STORE,1106,0
IDLY RICE 25KG,FULL BOILED,GENERAL,GST 0%,28,28,36,750,720,KGS,25,MANI BAJI SHOP,1006,0
INDICA 10MIN PWD,BEAUTY PRODUCTS,CALVIN CARE,GST 18%,14.25,15.72,19,17,18,PKT,8,SRI PONNIAMMAN AGENCY,33059040,0
INDICA EASY 10M 18M,BEAUTY PRODUCTS,CALVIN CARE,GST 18%,18.92,20.27,25,21,20,PKT,168,SRI PONNIAMMAN AGENCY,33059040,0
INSTANT BINSTA 200,BEVERAGES,GENERAL,GST 18%,113.0508,130.73,160,145,140,NOS,1,LAKSHMI ENTERPRISES,21011120,0
JAGGERY BIG 30KG,SUGAR,GENERAL,GST 18%,1450,1711,0,1550,1500,BAG,30,CASH BILL,17011490,0
JAGGERY SMALL  A 30KG,SUGAR,GENERAL,GST 18%,33,35,0,1350,1330,KGS,30,MANI BAJI SHOP,17011490,0
JAGGERY SMALL 30KG,SUGAR,GENERAL,GST 18%,1320,1557.6,0,1350,1330,BAG,30,CASH BILL,,0
JAGGREY SMALL B 30KG,SUGAR,GENERAL,GST 18%,30,33,0,1300,1270,KGS,30,MANI BAJI SHOP,17011490,0
JAKAI,SPICES,GENERAL,GST 18%,700,826,0,950,900,KGS,1,CASH BILL,1207,0
JAPATHRI,SPICES,GENERAL,GST 18%,2400,2832,0,3000,2900,KGS,1,CASH BILL,1207,0
JASMINE 25KG,FULL BOILED,GENERAL,GST 0%,47.6,47.6,55,1250,0,KGS,25,CASH BILL,1006,0
JAVARASI 500GM,DALL,GENERAL,GST 18%,95,100,0,130,125,KGS,1,MANI BAJI SHOP,,0
JEERA,SPICES,GENERAL,GST 18%,150,177,0,250,220,KGS,1,CASH BILL,,0
JEERA 1KG,SPICES,GENERAL,GST 0%,210,210,0,240,230,PKT,1,CASH BILL,1207,0
JEERA 5/-,AMAR,GENERAL,GST 0%,190,190,0,240,230,BUNDAL,60,CASH BILL,909,0
JEERA 50GM,SPICES,GENERAL,GST 0%,10,10,18,15,11,BUNDAL,20,CASH BILL,1207,0
JILEBEE MIX 1KG,SNACKS,GENERAL,GST 0%,0,0,210,190,190,PKT,1,MANI BAJI SHOP,,0
JVS GN 1LTR,GROUND NUT OIL,GENERAL,GST 5%,158,165.9,0,1750,1700,PKT,10,MANI BAJI SHOP,1508,0
JVS SF 1LTR,REFINED OIL,GENERAL,GST 5%,117.143,123,1450,1230,1220,PKT,10,RAYAKOTTAH ENTERPRISES,1512,0
JVS TIN 15LTR,REFINED OIL,GENERAL,GST 5%,1771.43,1860,2600,2100,2050,TIN,1,RAYAKOTTAH ENTERPRISES,1512,0
KACCHA MANGO BITE,CHOCOLATE,PARLE,GST 12%,38.82,43.48,50,50,48,PKT,50,R.K MARKETING,17049020,0
KADA CLOTH 1MTR,FUNCTION,GENERAL,GST 0%,45,45,70,60,55,METER,1,,,0
KALKI BULLET 25KG,HALF BOILED,GENERAL,GST 0%,38,38,0,980,960,KGS,25,MANI BAJI SHOP,1006,0
KALKI OLD 25KG,HALF BOILED,GENERAL,GST 0%,44.8,44.8,2400,1200,1180,KGS,25,EASHWAR ENTERPRISES,1006,0
KALPASI,MASALA,GENERAL,GST 0%,490,490,0,750,700,KGS,1,MANI BAJI SHOP,0,0
KARAMANI 25KG,DALL,GENERAL,GST 0%,1500,1500,0,1900,1800,BAG,25,CASH BILL,713,0
KARTHIKA HAIRFALL SHIELD 1/-,SHAMPOO,CALVIN CARE,GST 18%,0.77,0.82,1,10,9,SHEETS,1,SRI PONNIAMMAN AGENCY,33051090,0
KARTHIKA HERBAL PWD 1/-,SHAMPOO,CALVIN CARE,GST 18%,0.77,0.87,1,20,18,SHEETS,2000,SRI PONNIAMMAN AGENCY,33051090,0
KASTHURI METHI 100GM,MASALA,GENERAL,GST 0%,20,20,35,150,125,BUNDAL,5,,,0
KB CHAKKI ATTA 10KG,FLOUR,GENERAL,GST 0%,280,280,400,1020,960,BAG,3,,1106,0
KB CHAKKI ATTA 2KG,FLOUR,GENERAL,GST 0%,600,600,0,650,620,BAG,25,CASH BILL,1106,0
KB CHAKKI ATTA 5KG,FLOUR,GENERAL,GST 0%,840,840,0,950,900,BAG,6,CASH BILL,1106,0
KESARI BUSH,GENERAL,GENERAL,GST 18%,40,45,55,55,50,NOS,1,MANI BAJI SHOP,2106,0
KESARI CHAKKI ATTA 5KG,FLOUR,GENERAL,GST 0%,900,900,0,980,950,BAG,6,CASH BILL,1106,0
KESARI COLOR 20NO,GENERAL,GENERAL,GST 18%,1.4,1.65,40,35,40,NOS,20,MANI BAJI SHOP,2106,0
KESHAR KALI 25K,RAW RICE,GENERAL,GST 5%,1353.33,1421,3500,1600,1550,BAG,25,TPL ENTERPRISES,1006,0
KIT KAT 5/-,CHOCOLATE,NESTLE,GST 18%,3.85,4.54,5,290,280,NOS,16,R K AGENCIES,19053211,0
KIT KAT MINI 10/-,CHOCOLATE,NESTLE,GST 18%,7.7,9.09,10,345,332,BOX,16,R K AGENCIES,19053211,0
KITCHEN KING 100GM,MASALA,EVEREST,GST 5%,52,52.13,65,600,550,BUNDAL,10,SREE SAPTHAGIRI ENTERPRISES,,0
KOVA,FUNCTION,GENERAL,GST 0%,0,0,0,0,0,KGS,1,,,0
KRACKJACK SWEET SALT,BISCUITS,PARLE,GST 18%,22.7,26.25,30,30,28,NOS,1,R.K MARKETING,19059020,0
KRACKJACK SWEET SALTY 10/-,BISCUITS,PARLE,GST 18%,7.57,8.75,10,10,9.2,NOS,1,R.K MARKETING,19059020,0
KRACKJACK SWEET SALTY 5/-,BISCUITS,PARLE,GST 18%,3.78,4.37,5,60,58,BUNDAL,12,R.K MARKETING,19059020,0
KSN JAM 200G,JAM,HINDUSTAN,GST 12%,53.24,59.63,65,65,61,NOS,1,SRI BALAJI TRADING COMPANY,20079990,0
KSN JAM POUCH 11G,JAM,HINDUSTAN,GST 18%,1.64,1.78,2,2,1.9,SHEETS,10,SRI BALAJI TRADING COMPANY,20079990,0
KSN JAM TUB 100G,JAM,HINDUSTAN,GST 12%,16.38,18.35,20,20,19,NOS,1,SRI BALAJI TRADING COMPANY,20079990,0
KUR GCRS 10/-,CHIPS,PEPSICO,GST 12%,7.82,8.76,100,100,90,SHEETS,1,JPS ENTERPRISES,210690,0
KUR GCRS 5/-,CHIPS,PEPSICO,GST 12%,3.91,4.38,75,75,69,SHEETS,1,JPS ENTERPRISES,210690,0
KUR HH 5/-,CHIPS,PEPSICO,GST 12%,3.91,4.38,75,75,69,SHEETS,1,JPS ENTERPRISES,210690,0
KUR MAGIC MASALA 10/-,CHIPS,PEPSICO,GST 12%,7.82,8.76,100,100,90,SHEETS,1,JPS ENTERPRISES,210690,0
KUR MAGIC MASALA 5/-,CHIPS,PEPSICO,GST 12%,3.91,4.38,75,75,69,SHEETS,1,JPS ENTERPRISES,210690,0
KUR NAUGHTY TOMATO 5/-,CHIPS,PEPSICO,GST 12%,3.9107,4.38,75,75,69,SHEETS,1,JPS ENTERPRISES,210690,0
KUR RCC 10/-,CHIPS,PEPSICO,GST 12%,7.82,8.76,100,100,90,SHEETS,1,JPS ENTERPRISES,210690,0
KUR RCC 5/-,CHIPS,PEPSICO,GST 12%,3.91,4.38,75,75,69,SHEETS,1,JPS ENTERPRISES,210690,0
LAYS AMERICAN STYLE 10/-,CHIPS,PEPSICO,GST 12%,7.82,8.76,100,100,90,SHEETS,1,JPS ENTERPRISES,210690,0
LAYS AMERICAN STYLE 5/-,CHIPS,PEPSICO,GST 12%,3.91,4.38,75,75,69,SHEETS,1,JPS ENTERPRISES,210690,0
LAYS CHEESE & HERB 10/-,CHIPS,PEPSICO,GST 12%,7.82,8.76,100,100,90,SHEETS,1,JPS ENTERPRISES,210690,0
LAYS CHEESE & HERB 5/-,CHIPS,PEPSICO,GST 12%,3.91,4.38,70,70,64,SHEETS,1,JPS ENTERPRISES,210690,0
LAYS CHEESE GARLIC BREAD 10/-,CHIPS,PEPSICO,GST 12%,7.82,8.76,100,100,90,SHEETS,1,JPS ENTERPRISES,210690,0
LAYS CHEESE GARLIC BREAD 5/-,CHIPS,PEPSICO,GST 12%,3.91,4.38,70,70,64,SHEETS,1,JPS ENTERPRISES,210690,0
LAYS CLASSIC STALTED 5/-,CHIPS,PEPSICO,GST 12%,3.91,4.38,75,75,69,SHEETS,1,JPS ENTERPRISES,210690,0
LAYS HOT & SWEET 5/-,CHIPS,PEPSICO,GST 12%,3.91,4.38,75,75,69,SHEETS,1,JPS ENTERPRISES,210690,0
LAYS MAGIC MASALA 10/-,CHIPS,PEPSICO,GST 12%,7.82,8.76,100,100,90,SHEETS,1,JPS ENTERPRISES,210690,0
LAYS SPANISH TOMATO 10/-,CHIPS,PEPSICO,GST 12%,7.82,8.76,100,100,90,SHEETS,1,JPS ENTERPRISES,210690,0
LAYS SPANISH TOMATO 5/-,CHIPS,PEPSICO,GST 12%,3.91,4.38,75,75,69,SHEETS,1,JPS ENTERPRISES,210690,0
LAYS WAFER STYLE CHILLI 10/-,CHIPS,PEPSICO,GST 12%,7.82,8.76,100,100,90,SHEETS,1,JPS ENTERPRISES,210690,0
LEAF,MASALA,GENERAL,GST 0%,150,150,0,250,200,KGS,1,MANI BAJI SHOP,0,0
LEAF 10/-,10 SHEET,GENERAL,GST 0%,5.5,5.5,10,80,75,SHEETS,10,MANI BAJI SHOP,0,0
LEMON RICE PWD 10/-,MIXED RICE,MTR,GST 5%,8.02,8.42,10,10,9,SHEETS,12,VENKATESHWARA AGENCIES,9109100,0
LEMON SALT 500GM,SPICES,GENERAL,GST 0%,65,65,0,80,75,KGS,1,MANI BAJI SHOP,,0
LG GATTI ASAFOETIDA 50GM,SPICES,GENERAL,GST 0%,52,55,0,1200,1100,BOX,20,,1301,0
LG PWD ASAFOETIDA 50GM,SPICES,GENERAL,GST 0%,52,55,0,1200,1100,BOX,20,,1301,0
LIFEBUOY 10/-,SOAP,HINDUSTAN,GST 18%,7.73,9.12,10,10,9.5,NOS,1,SRI BALAJI TRADING COMPANY,34011190,0
LIFEBUOY 125G,SOAP,HINDUSTAN,GST 18%,19.62,22.69,25,25,24,NOS,126,SRI BALAJI TRADING COMPANY,34011190,0
LIRIL LEMON TREE,SOAP,HINDUSTAN,GST 18%,25.11,29.63,34,34,31,NOS,126,SRI BALAJI TRADING COMPANY,34011190,0
LIZOL DFC CIT 200ML,TOILET,GODREJ,GST 18%,29.27,34.54,38,36,35,NOS,48,DESHIKASHREE ENTERPRISES,3808,0
LIZOL DFC CIT 500ML,TOILET,GODREJ,GST 18%,71.65,82.96,93,90,88,NOS,24,DESHIKASHREE ENTERPRISES,3808,0
LIZOL DFC FLO 200ML,TOILET,GODREJ,GST 18%,29.27,34.54,38,36,35,NOS,48,DESHIKASHREE ENTERPRISES,3808,0
LIZOL DFC FLO 500ML,TOILET,GODREJ,GST 18%,71.65,82.96,93,90,88,NOS,24,DESHIKASHREE ENTERPRISES,3808,0
LIZOL DFC JAZ 200ML,TOILET,GODREJ,GST 18%,29.27,34.54,38,36,35,NOS,48,DESHIKASHREE ENTERPRISES,3808,0
LIZOL DFC JAZ 500ML,TOILET,GODREJ,GST 18%,71.65,82.96,93,90,88,NOS,24,DESHIKASHREE ENTERPRISES,3808,0
LUX INTERNATIONAL,SOAP,HINDUSTAN,GST 18%,25.11,29.04,32,32,28.5,NOS,1,SRI BALAJI TRADING COMPANY,34011190,0
LUX ROSE 100G,SOAP,HINDUSTAN,GST 18%,19.62,22.69,25,25,23.5,NOS,144,SRI BALAJI TRADING COMPANY,34011190,0
LUX ROSE 50G,SOAP,HINDUSTAN,GST 18%,7.73,9.12,10,10,9.5,NOS,144,SRI BALAJI TRADING COMPANY,34011190,0
MACORONI 250GM,DALL,GENERAL,GST 18%,17,20.06,0,20,20,PKT,1,CASH BILL,1902,0
MACRONI SPRING 25KG,GENERAL,GENERAL,GST 12%,41.96,47,80,1375,1350,KGS,25,SHAMBHAVI SYNDICATE,19021900,0
MAGGI 2MIN 12/-,NOODLES,NESTLE,GST 12%,9.83,11.01,12,12,11.25,PKT,96,R K AGENCIES,190233010,0
MAGGI 2MIN MASALA 24/-,NOODLES,NESTLE,GST 12%,19.66,22.02,24,24,23,NOS,140,R K AGENCIES,19023010,0
MAGGI 2MIN MASALA 43/-,NOODLES,NESTLE,GST 12%,35.22,39.45,43,43,40,NOS,24,R K AGENCIES,19023010,0
MAGGI 2MIN SPL MASALA 15/-,NOODLES,NESTLE,GST 12%,12.29,13.76,15,15,14,NOS,96,R K AGENCIES,19023010,0
MAGGI HOT & SWEET PICHKOO 90GM,SAUCE,NESTLE,GST 12%,16.38,18.35,20,20,19,NOS,12,R K AGENCIES,21032000,0
MAGGI TOMATO PICHKOO 90GM,SAUCE,NESTLE,GST 12%,12.29,13.77,15,15,14,NOS,12,R K AGENCIES,21032000,0
MAGIX CHOCOLATE,BISCUITS,PARLE,GST 18%,3.85,4.54,5,60,57,BUNDLE,12,R.K MARKETING,19059020,0
MAGIX ELAICHI,BISCUITS,PARLE,GST 18%,3.85,4.45,5,60,57,BUNDAL,12,R.K MARKETING,19059020,0
MAGIX MANGO,BISCUITS,PARLE,GST 18%,3.85,4.45,5,60,58,BUNDAL,12,R.K MARKETING,19059020,0
MAGIX ORANGE,BISCUITS,PARLE,GST 18%,3.85,4.45,5,60,57,BUNDLE,12,R.K MARKETING,19059020,0
MAGIX PINEAPPLE,BISCUITS,PARLE,GST 18%,3.85,4.45,5,60,57,BUNDLE,12,R.K MARKETING,19059020,0
MAGIX STRAWBERRY,BISCUITS,PARLE,GST 18%,3.85,4.45,5,60,57,BUNDLE,12,R.K MARKETING,19059020,0
MAHARISHI 25KG,HALF BOILED,GENERAL,GST 0%,1046.24,1046.24,2800,1350,1300,BAG,25,HIRA TADERS,1006,0
MANGO LIQUID 500ML,SNACKS,GENERAL,GST 0%,246,246,0,260,255,NOS,1,,,0
MARATI MOGGU,SPICES,GENERAL,GST 0%,600,600,0,800,750,KGS,1,CASH BILL,1207,0
MARGO 100G 4+1,SOAP,MARGO,GST 18%,94.17,108.9,120,120,110,NOS,18,SRI RAM AGENCY,34011190,0
MARGO ON 100GM,SOAP,MARGO,GST 18%,23.55,26.96,30,29,27.5,NOS,90,SRI RAM AGENCY,34011190,0
MARIE LGT 10/-,BISCUITS,ITC,GST 18%,7.62,8.54,10,10,9.5,NOS,1,SHREE SHANER AGANICES,1905,0
MARIE LGT 5/-,BISCUITS,ITC,GST 18%,3.81,4.27,5,60,58,BUNDLE,12,SHREE SHANER AGANICES,1905,0
MARIEGOLD 10/-,BISCUITS,BRITANNIA,GST 18%,7.63,8.69,10,650,640,PKT,72,SIVA TRADERS,19053100,0
MARIEGOLD 5/-,BISCUITS,BRITANNIA,GST 18%,3.82,4.35,5,760,750,PKT,168,SIVA TRADERS,19053100,0
MASSOR GOLA 30KG,DALL,GENERAL,GST 0%,67,67,3800,2250,2150,KGS,30,SHAMBHAVI SYNDICATE,713,0
MASSOR GOLA 50KG,DALL,GENERAL,GST 0%,68,68,5800,3500,3450,KGS,1,DAIMOND TRADING COMPANY,713,0
MATCH BOX 1/-,GENERAL,GENERAL,GST 0%,8,8,15,60,54,NOS,6,,,0
MD 12 BOUQUET,POOJA ITEMS,MANGALDEEP,GST 5%,7.94,7.84,10,110,96,BUNDAL,12,SHREE SHANER AGANICES,3307 41 00,0
MD 12 LAVENDER,POOJA ITEMS,MANGALDEEP,GST 5%,7.94,7.84,10,110,96,BUNDAL,12,SHREE SHANER AGANICES,3307 41 00,0
MD 12 MARIGOLD,POOJA ITEMS,MANGALDEEP,GST 5%,7.93,7.83,10,110,96,BUNDAL,12,SHREE SHANER AGANICES,3307 41 00,0
MD 12 SANDAL,POOJA ITEMS,MANGALDEEP,GST 5%,7.94,7.84,10,110,96,BUNDAL,12,SHREE SHANER AGANICES,3307 41 00,0
MD 12 TEMPLE,POOJA ITEMS,MANGALDEEP,GST 5%,7.94,7.84,10,110,96,BUNDAL,12,SHREE SHANER AGANICES,3307 41 00,0
MD 12 TREYA,POOJA ITEMS,MANGALDEEP,GST 5%,7.94,7.84,10,110,96,BUNDAL,12,SHREE SHANER AGANICES,3307 41 00,0
MD HA RAJASTHAN 30KG,DALL,GENERAL,GST 0%,95.33,95.33,110,3300,3250,KGS,30,MANI BAJI SHOP,713,0
MD JASMINE,POOJA ITEMS,MANGALDEEP,GST 5%,3.84,3.7,5,54,48,BUNDAL,12,SHREE SHANER AGANICES,3307 41 00,0
MD KALASA 25,DALL,GENERAL,GST 0%,2350,2350,3500,2750,2500,BAG,25,CASH BILL,713,0
MD KALASA 50KG,DALL,GENERAL,GST 0%,90,90,3200,5500,5250,KGS,30,SHAMBHAVI SYNDICATE,713,0
MD ROSE,POOJA ITEMS,MANGALDEEP,GST 5%,3.84,3.7,5,54,48,BUNDAL,12,SHREE SHANER AGANICES,3307 41 00,0
MD SADHVI 100,POOJA ITEMS,MANGALDEEP,GST 5%,25.24,25.44,35,180,160,BUNDAL,6,SHREE SHANER AGANICES,3307 41 00,0
MD SWASTHIK 30KGS,DALL,GENERAL,GST 0%,90,90,3200,3300,3000,KGS,30,SHAMBHAVI SYNDICATE,713,0
MEALS PLATE 25NO,FUNCTION,,GST 0%,0,0,0,0,0,BAG,1,,,0
MEDIMIX AYU SOAP 10/-,SOAP,MEDIMIX,GST 18%,7.71,8.96,10,120,114,SHEETS,12,SRI ANDAL & CO,34011110,0
MEDIMIX AYU SOAP 125G,SOAP,MEDIMIX,GST 18%,30.81,34.9,40,40,38,NOS,1,SRI ANDAL & CO,34011110,0
MEDIMIX AYU SOAP 4 X 75G,SOAP,MEDIMIX,GST 18%,60.09,68.07,78,75,73,NOS,1,SRI ANDAL & CO,34011110,0
MEDIMIX AYU SOAP 5/-,SOAP,MEDIMIX,GST 18%,3.85,4.27,5,180,173,JAR,36,SRI ANDAL & CO,34011110,0
MEDIMIX AYU SOAP 75G,SOAP,MEDIMIX,GST 18%,20.03,22.69,26,26,24.5,NOS,1,SRI ANDAL & CO,34011110,0
MEDIMIX SANDAL SOAP 125G,SOAP,MEDIMIX,GST 18%,36.21,41.6,47,47,45,NOS,1,SRI ANDAL & CO,34011110,0
MEDIMIX SANDAL SOAP 75G,SOAP,MEDIMIX,GST 18%,23.11,26.52,30,30,28.5,NOS,1,SRI ANDAL & CO,34011110,0
MEDIMIX SOAP MULTI 3PIE 125G,SOAP,MEDIMIX,GST 18%,80.89,91.63,105,105,110,NOS,1,SRI ANDAL & CO,34011110,0
MEDIMIX TRANS SOAP 125G,SOAP,MEDIMIX,GST 18%,36.21,41.23,47,47,45,NOS,1,SRI ANDAL & CO,34011110,0
MEDIMIX TRANS SOAP 75G,SOAP,MEDIMIX,GST 18%,23.11,26.32,30,30,28.5,NOS,1,SRI ANDAL & CO,34011110,0
MEERA ADV HW PWD 40GM,SHAMPOO,CALVIN CARE,GST 18%,26.19,30.91,34,34,32,NOS,1,SRI PONNIAMMAN AGENCY,33051090,0
MEERA ADV HW PWD 5.6GM,SHAMPOO,CALVIN CARE,GST 18%,3.08,3.63,4,60,57,SHEETS,1960,SRI PONNIAMMAN AGENCY,33051090,0
MEERA ADV HW PWD 80GM,SHAMPOO,CALVIN CARE,GST 18%,48.54,57.28,63,60,58.5,NOS,1,SRI PONNIAMMAN AGENCY,33051090,0
MEERA ANTI DANDRUFF 5ML,SHAMPOO,CALVIN CARE,GST 18%,1.54,1.68,2,20,18,SHEETS,10,SRI PONNIAMMAN AGENCY,33051090,0
MEERA COCONUT OIL 100ML,COCONUT OIL,CALVIN CARE,GST 5%,27.71,17.64,32,25,15,NOS,1,SRI PONNIAMMAN AGENCY,15131900,0
MEERA COCONUT OIL 25ML,COCONUT OIL,CALVIN CARE,GST 5%,8.66,7.91,10,10,9.5,NOS,1,SRI PONNIAMMAN AGENCY,15131900,0
MEERA COCONUT OIL 28ML,COCONUT OIL,CALVIN CARE,GST 5%,8.66,6.74,10,10,9.5,NOS,1,SRI PONNIAMMAN AGENCY,15131900,0
MEERA COCONUT OIL 500ML,COCONUT OIL,CALVIN CARE,GST 5%,125.54,82.39,145,90,60,NOS,1,SRI PONNIAMMAN AGENCY,15131900,0
MEERA HAIRFALL CARE 5ML,SHAMPOO,CALVIN CARE,GST 18%,1.54,1.7,2,20,18,SHEETS,10,SRI PONNIAMMAN AGENCY,33051090,0
MEERA HERBAL PWD 150GM,SHAMPOO,CALVIN CARE,GST 18%,70.11,82.73,91,90,85,PKT,1,SRI PONNIAMMAN AGENCY,33051090,0
MELODY CLAASIC CHOCOLATE 100/-,CHOCOLATE,PARLE,GST 18%,73.7,86.97,100,100,90,PKT,100,R.K MARKETING,18069010,0
MELODY CLAASIC CHOCOLATE 50/-,CHOCOLATE,PARLE,GST 18%,36.85,43.49,50,50,45,PKT,50,R.K MARKETING,18069010,0
MENTHYALLU,SPICES,GENERAL,GST 18%,70,82.6,0,90,85,KGS,1,MANI BAJI SHOP,,0
MENTHYALLU 10/-,10 SHEET,GENERAL,GST 18%,4.5,5.31,10,80,75,SHEETS,10,MANI BAJI SHOP,,0
MENTHYALLU 100GM,SPICES,GENERAL,GST 0%,8,8,0,100,90,BUNDAL,10,MANI BAJI SHOP,1207,0
MENTHYALLU 50GM,SPICES,GENERAL,GST 0%,4,4,0,100,90,BUNDAL,20,MANI BAJI SHOP,1207,0
METRO 175GM,WASHING,GENERAL,GST 18%,7.5,8.85,13,12,10,PKT,1,MANI BAJI SHOP,8422,0
MILK MADE,FUNCTION,NESTLE,GST 18%,0,115,125,125,120,NOS,1,,,0
MILK PWD EVERYDAY 200GM,BEVERAGES,NESTLE,GST 5%,85,89.25,104,100,95,PKT,1,MANI BAJI SHOP,402,0
MILK PWD EVERYDAY 20GM,BEVERAGES,GENERAL,GST 5%,8.82,9.26,10,120,115,SHEETS,32,R K AGENCIES,402,0
MILK SHAKTI 14GM,BISCUITS,PARLE,GST 18%,6.7,7.91,10,108,102,BUNDLE,12,R.K MARKETING,19059020,0
MILK SHAKTI 5/-,BISCUITS,PARLE,GST 18%,3.78,4.24,5,60,56,BUNDLE,12,R.K MARKETING,19059020,0
MILKYBAR CHOO PALIN 5/-,CHOCOLATE,NESTLE,GST 12%,4,4.35,5,140,132,BOX,30,R K AGENCIES,17049020,0
MILKYBAR MOOSHA 10/-,CHOCOLATE,NESTLE,GST 12%,8.01,8.7,10,230,222,BOX,12,R K AGENCIES,17049020,0
MIXED RICE 25KG,HALF BOILED,GENERAL,GST 0%,34.4,34.4,0,900,880,BAG,25,MANI BAJI SHOP,1006,0
MOMS MAGIC CAHEW & ALM 10/-,BISCUITS,ITC,GST 18%,7.73,9.12,10,10,9.5,NOS,1,SHREE SHANER AGANICES,1905,0
MOMS MAGIC CASHEW & ALM 5/-,BISCUITS,ITC,GST 18%,3.87,4.11,5,5,4.8,NOS,1,SHREE SHANER AGANICES,1905,0
MOMS MAGIC RICH BUTTER 10/-,BISCUITS,ITC,GST 18%,7.73,9.12,10,10,9.5,NOS,1,SHREE SHANER AGANICES,1905,0
MOMS MAGIC RICH BUTTER 5/-,BISCUITS,ITC,GST 18%,3.87,4.57,5,60,58,BUNDLE,1,SHREE SHANER AGANICES,1905,0
MONACO CLASSIC SALTED,BISCUITS,PARLE,GST 18%,7.57,8.93,10,10,9.2,NOS,1,R.K MARKETING,19059020,0
MOONG 50KG,DALL,GENERAL,GST 0%,82,84,5900,4750,4500,KGS,50,MANI BAJI SHOP,713,0
MOONG SMN 30KG,DALL,GENERAL,GST 0%,2451.42,2451.42,5900,3800,3500,KGS,30,DAIMOND TRADING COMPANY,713,0
MOONG VASAVI 30KG,DALL,GENERAL,GST 0%,100,100,0,3100,3050,KGS,30,MANI BAJI SHOP,713,0
MSF 999 GOLD 25KG,HALF BOILED,GENERAL,GST 0%,1080,1080,0,1200,1150,BAG,25,CASH BILL,1006,0
MUGGI BAR 250GM,DISHWASH,MUGGI,GST 18%,0,0,27,25,22,NOS,1,MANI BAJI SHOP,8422,0
MUGGI BAR 500GM,DISHWASH,MUGGI,GST 18%,0,0,47,45,40,NOS,1,MANI BAJI SHOP,8422,0
MUGI FRESH BLACK 3/-,WASHING,MUGGI,GST 18%,1.95,2.3,3,300,250,SHEETS,1,V.K AGENCIES,34022010,0
MUGI FRESH BLUE 3/-,WASHING,MUGGI,GST 18%,1.95,2.3,3,300,250,SHEETS,1,V.K AGENCIES,34022010,0
MUGI FRESH COOL 3/-,WASHING,MUGGI,GST 18%,1.95,2.3,3,300,250,SHEETS,1,V.K AGENCIES,34022010,0
MUNCH 4X4 10/-,CHOCOLATE,NESTLE,GST 18%,7.6,8.52,10,305,295,BOX,18,R K AGENCIES,19053211,0
MUNCH BOX 5/-,CHOCOLATE,NESTLE,GST 18%,3.8,4.23,5,360,324,PKT,24,R K AGENCIES,19053211,0
MUNCH CRISP POP 10/-,CHOCOLATE,NESTLE,GST 18%,7.6,8.97,10,266,258,BOX,18,R K AGENCIES,19053211,0
MUNCH TRIO 10/-,CHOCOLATE,NESTLE,GST 18%,7.6,8.97,10,266,258,BOX,18,R K AGENCIES,19053211,0
MUSTARD,SPICES,GENERAL,GST 18%,60,70.8,0,80,78,KGS,1,MANI BAJI SHOP,,0
MUSTARD 10/-,10 SHEET,GENERAL,GST 0%,5.5,5.5,10,80,75,SHEETS,10,MANI BAJI SHOP,1207,0
MUSTARD 50GM,SPICES,GENERAL,GST 0%,80,80,0,100,90,BUNDAL,20,CASH BILL,1207,0
MUSTARD BIG 10/-,SPICES,GENERAL,GST 0%,5.5,5.5,10,80,75,SHEETS,10,MANI BAJI SHOP,1207,0
MV HMT,HALF BOILED,GENERAL,GST 0%,44,44,2400,1250,1150,BAG,25,HIRA TADERS,1006,0
MYSORE SANDAL GOLD 125GM,SOAP,MYSORE SANDAL,GST 18%,61.77,72.89,80,7480,6240,BOX,96,RAM COMMUNICATIONS,34011190,0
MYSORE SANDAL SOAP 125GM,SOAP,MYSORE SANDAL,GST 18%,47.67,56.25,62,7200,6960,BOX,120,RAM COMMUNICATIONS,34011190,0
MYSORE SANDAL SOAP 75GM,SOAP,MYSORE SANDAL,GST 18%,28.82,34.01,38,7500,7000,BOX,200,RAM COMMUNICATIONS,34011190,0
MYSORE SINGLE 150GM,SOAP,MYSORE SANDAL,GST 18%,57.93,68.36,75,75,70,PKT,45,RAM COMMUNICATIONS,34011190,0
MYSORE TRIO BATH TALCUM 50GM,BEAUTY PRODUCTS,MYSORE SANDAL,GST 18%,165.26,195.01,220,210,200,BOTTLE,30,RAM COMMUNICATIONS,34011190,0
NAKSHATHRA 25KG,HALF BOILED,GENERAL,GST 0%,36,36,0,1000,980,KGS,25,MANI BAJI SHOP,1006,0
NANDHINI GHEE 1LTR,GHEE,GENERAL,GST 12%,375,420,6500,5200,5150,NOS,12,RAYAKOTTAH ENTERPRISES,405,0
NANDHINI GHEE 200ML,GHEE,GENERAL,GST 12%,94.6428,96,3540,5040,5000,BOX,60,RAYAKOTTAH ENTERPRISES,405,0
NANDHINI GHEE 500ML,GHEE,GENERAL,GST 12%,188.39,211,5200,5500,5000,BOX,24,RAYAKOTTAH ENTERPRISES,405,0
NATTU SAKARE,SUGAR,GENERAL,VAT 0 %,1450,1450,1800,1550,1500,BAG,30,CASH BILL,,0
NATURE POWER LAVE 125GM,SOAP,GENERAL,GST 18%,23.05,27.2,30,30,28,NOS,60,KNK AGENCIES,34011190,0
NATURE POWER LIME 125GM,SOAP,GENERAL,GST 18%,23.05,27.2,30,30,28,NOS,60,KNK AGENCIES,34011190,0
NATURE POWER ROSE 125GM,SOAP,GENERAL,GST 18%,23.05,27.2,30,30,28,NOS,60,KNK AGENCIES,34011190,0
NATURE POWER SAN 125GM,SOAP,GENERAL,GST 18%,23.05,27.2,30,30,28,NOS,60,KNK AGENCIES,34011190,0
NEWS PAPER 10KG,GENERAL,GENERAL,GST 0%,26,26,0,300,290,KGS,10,MANI BAJI SHOP,4902,0
NEWS PAPER UNUSED 10KG,GENERAL,GENERAL,GST 0%,27,27,0,320,310,KGS,10,MANI BAJI SHOP,4902,0
NIMWASH VEG&FRUIT WASH 150ML,WASHING,ITC,GST 18%,23.11,27.27,30,30,28.5,PKT,1,SHREE SHANER AGANICES,3402 20 10,0
NOODLES 400GM,NOODLES,GENERAL,GST 0%,28,28,0,1250,1200,BAG,40,MANI BAJI SHOP,19023010,0
NUTRICRUNCH DIGESTIVE,BISCUITS,PARLE,GST 18%,15.13,17.85,20,20,18.5,NOS,1,R.K MARKETING,19059020,0
NYLON JAVARASI 500GM,DALL,GENERAL,GST 18%,35,41.3,55,50,45,PKT,1,MANI BAJI SHOP,,0
OIL TIN 15LTR,REFINED OIL,GENERAL,GST 5%,1952.38,2050,2650,2250,2200,TIN,15,,15121910,0
OMOM,MASALA,GENERAL,GST 0%,180,180,0,265,260,KGS,1,CASH BILL,90189044,0
OMOM 10/-,MASALA,GENERAL,GST 0%,5.5,5.5,10,80,75,SHEETS,10,MANI BAJI SHOP,90189044,0
ORAL B KIDS BRESH 10+2,TOOTH BRESH,P&G,GST 18%,10.1,10.41,20,150,130,SHEETS,10,BHAWAR SALES CORPORATION,96032100,0
ORAL B SHINY 12+2,TOOTH BRESH,P&G,GST 18%,9.18,10.47,32,280,260,SHEETS,24,BHAWAR SALES CORPORATION,96032100,0
ORANGE MAIDA 50KG,FLOUR,GENERAL,GST 0%,29.3,29.3,4500,1500,1480,KGS,50,MANOJ STORE,1106,0
ORANGE RED BUSH,GENERAL,GENERAL,GST 18%,40,40,55,50,45,NOS,1,MANI BAJI SHOP,2106,0
ORANGE RED COLOR 20NO,GENERAL,GENERAL,GST 18%,1.4,1.65,40,35,40,NOS,20,MANI BAJI SHOP,2106,0
PADAYAPPA 10/-,WASHING,GENERAL,GST 18%,8,8,10,10,9,BOX,60,,8422,0
PADAYAPPA 2.5/-,WASHING,GENERAL,GST 18%,2,2,2.5,2.5,2.25,BOX,60,,8422,0
PADAYAPPA 5/-,WASHING,GENERAL,GST 18%,4,4,5,5,4.5,BOX,60,,8422,0
PADAYAPPA GOLD 200GM,WASHING,GENERAL,GST 18%,8,8,10,10,9,BOX,60,MANI BAJI SHOP,8422,0
PALMOLIVE BOTTLE 150ML,SANITAIZER,PALMOLIVE,GST 18%,37.75,44.55,49,49,46,NOS,1,NEW GOLDEN AGENCIES,34013019,0
PALMOLIVE REFIEL 150ML,SANITAIZER,PALMOLIVE,GST 18%,37.75,44.55,49,49,46,NOS,1,NEW GOLDEN AGENCIES,34013019,0
PAM OIL TIN,PAM OIL,GENERAL,GST 5%,1480,1554,0,1600,1580,TIN,15,CASH BILL,1508,0
PAMPERS PANTS 2*4 L 28/-,DIPPER,P&G,GST 12%,10.6838,11.97,28,215,200,SHEETS,30,BHAWAR SALES CORPORATION,96190030,0
PAMPERS PANTS 2*4 M 24/-,DIPPER,P&G,GST 12%,9.1575,10.26,24,190,170,SHEETS,1,BHAWAR SALES CORPORATION,96190030,0
PAMPERS PANTS 2*4 S 20/-,DIPPER,P&G,GST 12%,7.6313,8.55,20,160,150,SHEETS,144,BHAWAR SALES CORPORATION,96190030,0
PANTENE HFC 4.5ML 2/-,SHAMPOO,P&G,GST 18%,22.05,26.02,32,30,28,SHEETS,768,BHAWAR SALES CORPORATION,33051090,0
PANTENE HFC 75ML,SHAMPOO,P&G,GST 18%,46.23,54.55,60,60,58,SHEETS,48,BHAWAR SALES CORPORATION,33051090,0
PANTENE LC 90ML,SHAMPOO,P&G,GST 18%,46.23,54.55,60,60,58,SHEETS,48,BHAWAR SALES CORPORATION,33051090,0
PAPAD 100GM,PAPAD,GENERAL,GST 0%,150,150,0,200,175,KGS,10,CASH BILL,1904,0
PAPAD 150GM,PAPAD,GENERAL,GST 0%,30,30,0,50,45,PKT,1,CASH BILL,1904,0
PAPAD 1KG,PAPAD,GENERAL,GST 0%,125,125,0,200,175,PKT,1,,1904,0
PAPAD 200GM,PAPAD,GENERAL,GST 0%,150,150,0,200,175,KGS,5,CASH BILL,1904,0
PAPAD 500GM,PAPAD,GENERAL,GST 0%,150,150,0,200,175,KGS,2,CASH BILL,1904,0
PAPER ROLL 1KG,FUNCTION,GENERAL,GST 0%,37,37,50,50,45,KGS,1,,,0
PARACHUTE OIL  H ED 500ML,COCONUT OIL,PARACHUTE,GST 5%,184.26,189.12,199,190,185,NOS,1,KNK AGENCIES,1513.11.00,0
PARACHUTE OIL 100ML,COCONUT OIL,PARACHUTE,GST 5%,29.09,25.73,32,30,26,NOS,1,KNK AGENCIES,1513.11.00,0
PARACHUTE OIL ED 500ML,COCONUT OIL,PARACHUTE,GST 5%,138.1,111.32,145,130,120,NOS,24,KNK AGENCIES,1513.11.00,0
PARACHUTE OIL H ED 100ML,COCONUT OIL,PARACHUTE,GST 5%,30.91,31.67,34,35,31,NOS,24,KNK AGENCIES,1513.11.00,0
PARACHUTE OIL H ED 175ML,COCONUT OIL,PARACHUTE,GST 5%,58.18,59.65,64,60,57.5,NOS,24,KNK AGENCIES,1513.11.00,0
PARACHUTE OIL H ED 250ML,COCONUT OIL,PARACHUTE,GST 5%,90.91,93.3,100,95,90,NOS,1,KNK AGENCIES,1513.11.00,0
PARACHUTE OIL H ED 25ML,COCONUT OIL,PARACHUTE,GST 5%,9.09,8.93,10,230,220,NOS,24,KNK AGENCIES,1513.11.00,0
PARCEL COVER 13X13,COVER,GENERAL,GST 5%,120,126,180,150,140,NOS,1,MANI BAJI SHOP,3926,0
PARCEL COVER 5X6,COVER,GENERAL,GST 5%,30,31.5,45,40,35,NOS,1,MANI BAJI SHOP,3926,0
PARCEL COVER 5X8,COVER,GENERAL,GST 5%,30,31.5,45,40,35,NOS,1,MANI BAJI SHOP,3926,0
PARLE MARIE 10/-,BISCUITS,PARLE,GST 18%,7.57,8.75,10,120,110,BUNDLE,12,R.K MARKETING,19059020,0
PARLE MARIE 5/-,BISCUITS,PARLE,GST 18%,3.78,4.37,5,60,57,BUNDLE,12,R.K MARKETING,19059020,0
PARLE RUSK ELAICHI,SNACKS,PARLE,GST 5%,8.5,8.93,10,10,9.5,NOS,1,R.K MARKETING,1905400,0
PARLE-G 10GM,BISCUITS,PARLE,GST 18%,3.85,4.45,5,60,58,BUNDAL,12,R.K MARKETING,19059020,0
PAT CHAKKI ATTA 5KG,FLOUR,GENERAL,GST 0%,1020,1020,0,1100,1080,BAG,6,CASH BILL,1106,0
PAT GN OIL,GROUND NUT OIL,GENERAL,GST 5%,1450,1522.5,0,1600,1550,BOX,10,CASH BILL,1508,0
PATIGARAM,FUNCTION,GENERAL,GST 0%,320,320,0,500,450,KGS,1,,,0
PATTA,SPICES,GENERAL,GST 0%,300,300,0,450,400,KGS,1,CASH BILL,1207,0
PATTA 10/-,10 SHEET,GENERAL,GST 18%,4.5,5.31,10,80,75,SHEETS,10,MANI BAJI SHOP,7220,0
PATTA 5/-,AMAR,GENERAL,GST 18%,2.7,3.19,5,260,240,BUNDAL,60,MANI BAJI SHOP,7220,0
PAYASAM MIX 180GM,VERMICELLI,MTR,GST 18%,55.03,64.94,75,75,70,NOS,1,VENKATESHWARA AGENCIES,21069099,0
PEARS OIL CONTROL 75G,SOAP,HINDUSTAN,GST 18%,32.17,37.96,41,40,39,NOS,1,SRI BALAJI TRADING COMPANY,34011190,0
PEARS P&GNTL 100G,SOAP,HINDUSTAN,GST 18%,29.82,34.48,38,38,36,NOS,1,SRI BALAJI TRADING COMPANY,34011190,0
PEARS PURE & GENTLE 125G+25G EXTRA,SOAP,HINDUSTAN,GST 18%,51,58.98,65,65,62,NOS,1,SRI BALAJI TRADING COMPANY,34011190,0
PEARS PURE & GENTLE 3X125G,SOAP,HINDUSTAN,GST 18%,117.7,138.89,150,145,140,NOS,1,SRI BALAJI TRADING COMPANY,34011190,0
PEARS SOFT & FRESH 125G,SOAP,HINDUSTAN,GST 18%,52.57,60.79,67,65,63,NOS,1,SRI BALAJI TRADING COMPANY,34011190,0
PEARS SOFT & FRESH 75G,SOAP,HINDUSTAN,GST 18%,32.17,37.2,41,40,39,NOS,1,SRI BALAJI TRADING COMPANY,34011190,0
PEARS SOFT & GENTLE SP 3X75G,SOAP,HINDUSTAN,GST 18%,82.39,97.22,105,105,100,NOS,1,SRI BALAJI TRADING COMPANY,34011190,0
PEP FIGHTER + TB SO,PASTE,HINDUSTAN,GST 18%,10.5,12.39,20,20,15,BUNDAL,12,,3306,0
PEP FIGHTER + TBME,PASTE,HINDUSTAN,GST 18%,10.5,12.39,20,20,15,BUNDAL,12,,3306,0
PEP GC CAVITY 10/-,PASTE,HINDUSTAN,GST 18%,7.5,8.85,10,10,9,BUNDAL,12,,3306,0
PEP GC CAVITY 20/-,PASTE,PEPSUDENT,GST 18%,14,16.52,20,20,18,NOS,1,MANI BAJI SHOP,3306,0
PEP GC CAVITY 200GM,PASTE,HINDUSTAN,GST 18%,69,81.42,90,90,85,NOS,1,,3306,0
PEPPER,SPICES,GENERAL,GST 0%,420,440,0,500,480,KGS,1,,1207,0
PEPPER 5/--,AMAR,GENERAL,GST 0%,190,190,0,240,230,BUNDAL,60,CASH BILL,904,0
PEPPER 50GM,SPICES,GENERAL,GST 0%,500,500,0,600,550,BUNDAL,20,CASH BILL,1207,0
PICKEL 1KG,PICKEL,GENERAL,GST 0%,70,75,130,95,90,NOS,1,,,0
PICKEL 5KG,PICKEL,GENERAL,GST 0%,170,180,0,250,230,NOS,1,,,0
PISTA,DRY FRUITS,GENERAL,GST 18%,0,0,0,0,0,KGS,1,,,0
POLO BIG ROLL JAR 5/-,CHOCOLATE,NESTLE,GST 18%,3.7164,4.39,5,5,4.5,NOS,12,R K AGENCIES,17049090,0
POLO MINI JAR 2/-,CHOCOLATE,NESTLE,GST 18%,1.49,1.76,2,2,1.85,NOS,16,R K AGENCIES,17049090,0
PONDS COLD CRM 10/-,BODY LOTION,HINDUSTAN,GST 18%,7.7,9.09,10,10,9.5,NOS,1,SRI BALAJI TRADING COMPANY,33049910,0
PONDS DF TAL PWD 100G,BODY POWDER,HINDUSTAN,GST 18%,69.34,81.82,90,90,85,NOS,100,SRI BALAJI TRADING COMPANY,33049120,0
PONDS DF TAL PWD 50G,BODY POWDER,HINDUSTAN,GST 18%,34.67,40.91,45,45,42,NOS,100,SRI BALAJI TRADING COMPANY,33049120,0
PONDS FACE WASH 50G,FACE WASH,HINDUSTAN,GST 18%,70.62,83.33,95,95,90,NOS,1,SRI BALAJI TRADING COMPANY,34013090,0
PONDS MGK TAL 50GM,BODY POWDER,HINDUSTAN,GST 18%,46.23,54.55,60,60,58,NOS,100,SRI BALAJI TRADING COMPANY,33049120,0
PONDS SNDL TAL 100GM,BODY POWDER,HINDUSTAN,GST 18%,84.75,100.01,110,110,105,NOS,100,SRI BALAJI TRADING COMPANY,33049120,0
PONDS SNDL TAL 50GM,BODY POWDER,HINDUSTAN,GST 18%,46.23,54.55,60,60,58,NOS,100,SRI BALAJI TRADING COMPANY,33049120,0
PONDS TALC PINK LILY 10/-,BEAUTY PRODUCTS,HINDUSTAN,GST 18%,7.7,8.36,10,10,9.3,NOS,40,SRI BALAJI TRADING COMPANY,33049120,0
PONDS TRIPLE LTN 100ML,BODY LOTION,HINDUSTAN,GST 18%,61.63,72.72,80,80,75,NOS,1,SRI BALAJI TRADING COMPANY,33049930,0
PONDS WB AT SF CR 35G,BEAUTY PRODUCTS,HINDUSTAN,GST 18%,92.92,109.65,125,120,115,NOS,1,SRI BALAJI TRADING COMPANY,33049910,0
PONDS WB SPTLS 23G,BEAUTY PRODUCTS,HINDUSTAN,GST 18%,52.04,61.41,70,70,65,NOS,1,SRI BALAJI TRADING COMPANY,33049910,0
PONDS WB SPTLS 7G,BEAUTY PRODUCTS,HINDUSTAN,GST 18%,6.81,8.04,10,380,342,BOTTLE,1,SRI BALAJI TRADING COMPANY,33049910,0
PONDS WHITE BEAUTY FW 50GM,FACE WASH,HINDUSTAN,GST 18%,58.73,69.3,79,75,72,NOS,1,SRI BALAJI TRADING COMPANY,34013090,0
PONVAANDU RS10/-,DISHWASH,SHAKTHI MASALA,GST 18%,6.38,7.4,10,675,615,BOX,75,MANGAI AGENCIES,34011930,0
PONVAANDU RS5/-,DISHWASH,GENERAL,GST 18%,3.39,4,5,350,315,BOX,70,MANGAI AGENCIES,34011930,0
POOJA ITEMS,POOJA ITEMS,GENERAL,GST 0%,10,10,0,100,100,NOS,1,,,0
POPPY SEEDS,SPICES,GENERAL,GST 0%,850,850,0,1200,1050,KGS,1,CASH BILL,1207,0
POPPY SEEDS 10/-,SPICES,GENERAL,GST 0%,5.5,5.5,10,80,75,SHEETS,10,MANI BAJI SHOP,1207,0
POPULAR 10KG,HALF BOILED,GENERAL,GST 0%,360,360,0,400,380,BAG,1,CASH BILL,1006,0
POPULAR 25KG,HALF BOILED,GENERAL,GST 0%,875,875,0,950,910,BAG,1,CASH BILL,1006,0
POPULAR JEERA RICE 10KG,JEERA RICE,GENERAL,GST 0%,90,90,125,1100,1000,BAG,10,MANI BAJI SHOP,1006,0
POSTMAN CA 50KG,FLOUR,GENERAL,GST 0%,22.4,22.4,3500,1250,1150,BAG,50,"SAHUWALA ROLLER FLOUR MILLS PV, LTD",1101,0
POSTMAN SOOJI 50KG,FLOUR,GENERAL,GST 0%,25,25,3500,1450,1400,KGS,50,"SAHUWALA ROLLER FLOUR MILLS PV, LTD",1101,0
POWER DETERGENT 180GM,WASHING,MYSORE SANDAL,GST 18%,7.25,8.55,10,600,540,BOX,60,RAM COMMUNICATIONS,34011930,0
PULIYOGARE POWDER 10/-,MIXED RICE,MTR,GST 5%,7.88,8.27,10,120,102,SHEETS,12,VENKATESHWARA AGENCIES,9109100,0
PULIYOGARE PWD 100GMS,MASALA,MTR,GST 5%,47.83,50.22,58,55,53,PKT,1,VENKATESHWARA AGENCIES,9109100,0
PULIYOGARE PWD 200GMS,MASALA,MTR,GST 5%,86.6,90.93,105,95,95,PKT,1,VENKATESHWARA AGENCIES,9109100,0
RAJA BULLET 25KG,HALF BOILED,GENERAL,GST 0%,42,42,1950,1100,1050,KGS,25,MANI BAJI SHOP,1006,0
RB SODA,AMAR,GENERAL,GST 12%,3.1,3.47,5,280,240,BUNDAL,60,MANI BAJI SHOP,4703,0
RB SODA 50KG,SPICES,GENERAL,GST 5%,30,32,0,1600,1580,KGS,50,,7013,0
RED LABEL 100G,BEVERAGES,HINDUSTAN,GST 5%,34.63,36.36,40,40,38,NOS,1,SRI BALAJI TRADING COMPANY,9023020,0
RED LABEL 1KG,BEVERAGES,HINDUSTAN,GST 5%,427.24,448.6,480,460,455,NOS,1,SRI BALAJI TRADING COMPANY,9023020,0
RED LABEL 250G,BEVERAGES,HINDUSTAN,GST 5%,120.16,126.17,135,135,130,NOS,1,SRI BALAJI TRADING COMPANY,9023020,0
RED LABEL 500G,BEVERAGES,HINDUSTAN,GST 5%,235.87,247.66,265,260,255,NOS,1,SRI BALAJI TRADING COMPANY,9023020,0
REFINED OIL TIN 15LTR,REFINED OIL,GENERAL,GST 5%,1850,1942.5,0,2050,2000,TIN,1,CASH BILL,1512,0
REXONA COCO & OLIVE 100G,SOAP,HINDUSTAN,GST 18%,21.19,25,27,27,26,NOS,1,SRI BALAJI TRADING COMPANY,34011190,0
RICE FLACKS 40KG,DALL,GENERAL,GST 0%,1000,1000,0,1200,1150,BAG,40,CASH BILL,713,0
RICE FLOUR 1KG,FLOUR,GENERAL,GST 0%,30,30,0,40,35,KGS,1,,,0
RIN 500G,WASHING,HINDUSTAN,GST 18%,29.99,34.68,39,1850,1800,BAG,50,SRI BALAJI TRADING COMPANY,3411190,0
RIN ANTI BAC 120G,WASHING,HINDUSTAN,GST 18%,7.43,8.42,10,60,54,SHEETS,120,SRI BALAJI TRADING COMPANY,34022010,0
RIN BAR 140+35G,WASHING,HINDUSTAN,GST 18%,7.85,9.17,10,10,9.3,NOS,60,SRI BALAJI TRADING COMPANY,34011930,0
RIN BAR 250G,WASHING,HINDUSTAN,GST 18%,10.99,12.58,14,14,13,NOS,60,SRI BALAJI TRADING COMPANY,34011930,0
RIN LIQUID 430ML,WASHING,HINDUSTAN,GST 18%,51,55.97,65,63,58,NOS,20,SRI BALAJI TRADING COMPANY,34022010,0
RIN LIQUID 800ML,WASHING,HINDUSTAN,GST 18%,77.68,85.25,99,95,87,NOS,16,SRI BALAJI TRADING COMPANY,34022010,0
RIN NORMAL 1KG,WASHING,HINDUSTAN,GST 18%,59.21,68.47,77,75,70,PKT,25,SRI BALAJI TRADING COMPANY,34022010,0
RK RAW RICE,RAW RICE,GENERAL,GST 0%,1250,1250,0,1300,1280,BAG,25,CASH BILL,1006,0
RMC,GENERAL,GENERAL,GST 0%,541.3,541.3,750,650,0,NOS,1,DAIMOND TRADING COMPANY,0,0
ROASTED VERM 400GMS,VERMICELLI,MTR,GST 5%,39.61,41.59,55,1500,1350,BOX,30,VENKATESHWARA AGENCIES,19023010,0
ROASTED VERM 850GMS,VERMICELLI,MTR,GST 5%,75.63,79.41,105,1440,1360,PKT,16,VENKATESHWARA AGENCIES,19023010,0
ROJA GOLD PACKETS 250PCS,GENERAL,GENERAL,GST 0%,220,220,0,270,250,NOS,1,MANI BAJI SHOP,0,0
ROYAL BULLET AISWARYA 25KG,HALF BOILED,GENERAL,GST 0%,950,950,1300,980,950,BAG,25,EASHWAR ENTERPRISES,1006,0
ROYAL BULLET DC 25KG,HALF BOILED,GENERAL,GST 0%,920,920,1500,1000,950,BAG,25,CASH BILL,1006,0
RUCHI GOLD 1LTR,PAM OIL,GENERAL,GST 5%,116.19,122,130,1270,1130,PKT,10,RAYAKOTTAH ENTERPRISES,1512,0
SABEENA 500GM,DISHWASH,GENERAL,GST 18%,9.75,11.51,13,658,644,PKT,56,V.K AGENCIES,0,0
SABEENA POWDER 1KG,DISHWASH,GENERAL,GST 18%,19.5,23.01,25,658,644,BAG,28,V.K AGENCIES,3405400,0
SALT 25KG,SALT,GENERAL,GST 0%,6.4,6.4,15,180,170,BAG,25,SHAMBHAVI SYNDICATE,2501,0
SAMBA RAVA ANIL 500G,DALL,ANIL,GST 18%,60,70.8,90,85,80,PKT,1,MANI BAJI SHOP,,0
SAMBA RAVA NANDI 500GM,DALL,GENERAL,GST 18%,60,70.8,0,80,75,PKT,1,MANI BAJI SHOP,,0
SANITISER GEL 100ML,SANITAIZER,GENERAL,GST 0%,0,0,50,50,45,NOS,1,NATIONAL AGENCY,3401,0
SANTHOOR 100GM,SOAP,WIPRO,GST 18%,21.19,25,28,27,26,NOS,168,SRI LAKSHMI ENTERPRISES,3401,0
SANTOOR SOAP 48GM,SOAP,WIPRO,GST 18%,30.51,36,40,40,37,NOS,75,SRI LAKSHMI ENTERPRISES,3401,0
SARAPARUPPU,DRY FRUITS,GENERAL,GST 28%,1000,1280,0,1500,1400,KGS,1,CASH BILL,1207,0
SAVLON DISINFECTANT 100ML,WASHING,ITC,GST 12%,33.87,37.93,44,42,40,BOTTLE,1,SHREE SHANER AGANICES,3004 90 99,0
SAVLON DISINFECTANT 200ML,WASHING,ITC,GST 12%,59.27,66.38,77,75,70,BOTTLE,1,SHREE SHANER AGANICES,3004 90 99,0
SAVLON DISINFECTANT 50ML,WASHING,ITC,GST 12%,18.47,20.69,24,24,22,BOTTLE,1,SHREE SHANER AGANICES,3004 90 99,0
SAVLON HEXA ADV SOAP 45G,WASHING,ITC,GST 18%,7.85,8.55,10,10,9.5,NOS,1,SHREE SHANER AGANICES,3401 11 90,0
SAVLON HEXA ADV SOAP 75G,WASHING,ITC,GST 18%,26.68,29.06,34,34,33,NOS,1,SHREE SHANER AGANICES,3401 11 90,0
SAVLON MLT DISINFECTANT 1LTR,WASHING,ITC,GST 18%,292.76,335.09,380,370,355,BOTTLE,1,SHREE SHANER AGANICES,3808 94 00,0
SAVLON MLT DISINFECTANT 500ML,WASHING,ITC,GST 18%,148.69,170.19,193,185,180,BOTTLE,1,SHREE SHANER AGANICES,3808 94 00,0
SENS GENTLE 30/-,TOOTH BRESH,GODREJ,GST 18%,17.984,21.22,30,25.47,23,NOS,1,NEW GOLDEN AGENCIES,96032100,0
SHABHARI 25KG,RAW RICE,GENERAL,GST 0%,1180,1180,0,1300,1280,BAG,25,,1006,0
SHALIMAR MO 1LTR,MUSTARD OIL,GENERAL,GST 18%,120,141.6,190,1700,1680,BOX,12,SHAMBHAVI SYNDICATE,1514,0
SHALIMAR MO 50ML,MUSTARD OIL,GENERAL,GST 18%,58.77,69.35,110,1740,1720,BOX,24,SHAMBHAVI SYNDICATE,1514,0
SHIKAKI POWDER 100GM,SHAMPOO,GENERAL,GST 18%,18,21,80,25,22,PKT,1,MANI BAJI SHOP,12119099,0
SHIKAKI POWDER 200GM,SHAMPOO,GENERAL,GST 18%,38,42,80,60,50,PKT,1,MANI BAJI SHOP,12119099,0
SHIKAKI POWDER 500GM,SHAMPOO,GENERAL,GST 18%,90,105,180,120,110,PKT,1,MANI BAJI SHOP,12119099,0
SHIVALAYA 25KG,FULL BOILED,GENERAL,GST 0%,48,48,0,1300,1250,KGS,25,,1006,0
SK BULLET 25KG,HALF BOILED,GENERAL,GST 0%,36,36,0,1000,980,BAG,25,MANI BAJI SHOP,1006,0
SM BIRYANI MASALA 50GM,MASALA,GENERAL,GST 5%,23.33,24.25,45,600,550,BUNDAL,600,MANGAI STORE,9109100,0
SM BLACK PEPPER PWD 50GM,MASALA,GENERAL,GST 5%,26.91,27.97,40,650,630,BUNDAL,600,MANGAI STORE,19109100,0
SM CHICKEN MASALA 100GM,MASALA,GENERAL,GST 5%,300,315,0,350,330,BUNDAL,300,MANI BAJI SHOP,9109100,0
SM CHICKEN MASALA 500GM,MASALA,GENERAL,GST 5%,141.43,147.02,280,161.64,160,PKT,60,MANGAI STORE,9109100,0
SM CHICKEN MASALA 50GM,MASALA,GENERAL,GST 5%,14.29,14.85,35,17,320,BUNDAL,600,MANGAI STORE,9109100,0
SM CHILLI CHICKEN 50GM,MASALA,GENERAL,GST 5%,355,372.75,0,450,400,BUNDAL,600,MANI BAJI SHOP,9109100,0
SM CHILLI PWD 100GM,MASALA,GENERAL,GST 5%,26.78,28.12,45,300,290,BUNDAL,300,MANI BAJI SHOP,9042211,0
SM CHILLI PWD 1KG,MASALA,GENERAL,GST 5%,254.29,264.33,320,300,290,PKT,30,MANGAI AGENCIES,9042211,0
SM CHILLI PWD 500GM,MASALA,GENERAL,GST 5%,122.38,127.21,340,150,145,PKT,60,MANGAI AGENCIES,9042211,0
SM CHILLI PWD 50GM,MASALA,GENERAL,GST 5%,12.38,12.87,35,300,290,BUNDAL,600,MANGAI AGENCIES,904221,0
SM CORIANDER PWD 50GM,MASALA,GENERAL,GST 5%,7.38,7.67,29,180,170,BUNDAL,600,MANGAI AGENCIES,9092200,0
SM CORIENDER PWD 100GM,MASALA,GENERAL,GST 5%,15.5,16.28,0,180,170,BUNDAL,300,MANI BAJI SHOP,9092200,0
SM CORIENDER PWD 1KG,MASALA,GENERAL,GST 5%,144.76,150.48,280,180,170,PKT,30,MANGAI AGENCIES,9092200,0
SM CORIENDER PWD 500GM,MASALA,GENERAL,GST 5%,72.38,75.24,190,90,85,PKT,60,MANGAI AGENCIES,9092200,0
SM CURRY LEAF PWD 50GM,MASALA,GENERAL,GST 5%,13,13.65,25,300,290,BUNDAL,600,MANI BAJI SHOP,9109100,0
SM FISH CURRY MASALA 50GM,MASALA,GENERAL,GST 5%,13.5,14.18,35,300,290,BUNDAL,600,MANI BAJI SHOP,9109100,0
SM FISH FRY MASALA 50GM,MASALA,GENERAL,GST 5%,15.72,16.34,28,20,380,BUNDAL,600,MANGAI STORE,9109100,0
SM GARAM MASALA 20GM,MASALA,GENERAL,GST 5%,390.4,405.82,242,500,480,BUNDAL,5,MANGAI STORE,9109100,0
SM GARAM MASALA 50GM,MASALA,GENERAL,GST 5%,19.52,20.29,35,500,480,BUNDAL,600,MANGAI STORE,9109100,0
SM IDLY PUDDI 50GM,MASALA,GENERAL,GST 5%,11,11.55,0,280,250,BUNDAL,600,MANI BAJI SHOP,9109100,0
SM JEERA PWD 50GM,MASALA,GENERAL,GST 5%,16.91,17.58,35,450,400,BUNDAL,600,MANGAI STORE,9093200,0
SM MIXED MASALA 50GM,MASALA,GENERAL,GST 5%,9.75,10.24,40,280,250,BUNDAL,600,MANI BAJI SHOP,9109100,0
SM MUTTON MASALA 100GM,MASALA,GENERAL,GST 5%,33.5,35.18,45,380,360,BUNDAL,300,MANI BAJI SHOP,9109100,0
SM MUTTON MASALA 500GM,MASALA,GENERAL,GST 5%,167,173.69,300,190,185,PKT,60,MANGAI STORE,9109100,0
SM MUTTON MASALA 50GM,MASALA,GENERAL,GST 5%,15.95,16.58,30,380,360,BUNDAL,600,MANGAI STORE,9109100,0
SM RASAM PWD 50GM,MASALA,GENERAL,GST 5%,18.25,19.16,35,450,400,BUNDAL,600,MANI BAJI SHOP,9109100,0
SM SAMBAR PWD 100GM,MASALA,GENERAL,GST 5%,26,27.3,0,300,290,BUNDAL,300,,9109100,0
SM SAMBAR PWD 500GM,MASALA,GENERAL,GST 5%,122.38,127.21,280,150,140,PKT,60,MANGAI STORE,9109100,0
SM SAMBAR PWD 50GM,MASALA,GENERAL,GST 5%,12.38,12.87,25,15,290,BUNDAL,600,MANGAI STORE,9109100,0
SM SUPER GARAM MASALA 50GM,MASALA,GENERAL,GST 5%,15.95,16.58,30,400,380,BUNDAL,600,MANGAI STORE,9109100,0
SM TAMARIND PWD 50GM,MASALA,GENERAL,GST 5%,14.29,14.85,28,17,350,BUNDAL,600,MANGAI STORE,9109100,0
SM TURMERIC PWD 100GM,MASALA,GENERAL,GST 5%,12.5,13.125,0,150,140,BUNDAL,300,MANI BAJI SHOP,9103030,0
SM TURMERIC PWD 500GM,MASALA,GENERAL,GST 5%,58.1,60.39,170,75,70,PKT,60,MANGAI AGENCIES,9103030,0
SM TURMERIC PWD 50GM,MASALA,GENERAL,GST 5%,5.95,6.19,20,150,140,BUNDAL,600,MANGAI AGENCIES,9103030,0
SODA 10/-,MASALA,GENERAL,GST 0%,5.5,5.5,10,80,75,SHEETS,10,MANI BAJI SHOP,2202,0
SODA 5/-,AMAR,GENERAL,GST 0%,190,190,0,240,230,BUNDAL,60,CASH BILL,2202,0
SOMPOO,SPICES,GENERAL,GST 0%,120,120,0,175,150,KGS,1,CASH BILL,1207,0
SOMPOO 5/-,AMAR,GENERAL,GST 0%,190,190,0,240,230,BUNDAL,60,CASH BILL,3305,0
SOMPOO 50GM,SPICES,GENERAL,GST 0%,150,150,0,200,17,BUNDAL,20,CASH BILL,1207,0
SOOJI CHIROTI 25KG,FLOUR,GENERAL,GST 0%,33,33,0,1000,925,KGS,25,,,0
SOYA BIG 20KG,GENERAL,GENERAL,GST 0%,58,58,0,1250,1200,KGS,20,MANI BAJI SHOP,1201,0
SOYA SAUCES,SAUCE,GENERAL,GST 0%,21.6,21.6,40,30,25,BOTTLE,12,,,0
SOYA SMALL 20KG,GENERAL,GENERAL,GST 0%,63,63,0,1350,1300,KGS,20,MANI BAJI SHOP,1201,0
SPOON,FUNCTION,GENERAL,GST 0%,0,0,0,0,0,NOS,1,,,0
STAR 10KG,RAW RICE,GENERAL,GST 0%,0,0,0,500,480,BAG,10,,1006,0
STAR 25KG,RAW RICE,GENERAL,GST 0%,1120,1120,0,1250,1200,BAG,1,CASH BILL,1006,0
STEEL NAR 12PCS,WASHING,GENERAL,GST 0%,7,7,15,120,116,SHEETS,12,MANI BAJI SHOP,,0
SUGAR 50KG,SUGAR,GENERAL,GST 18%,34.8,35,3500,40,38,KGS,50,CASH BILL,17011490,0
SUGAR PWD 1KG,SUGAR,GENERAL,GST 0%,50,50,90,80,70,KGS,1,MANI BAJI SHOP,,0
SUNAMBU,FUNCTION,GENERAL,GST 0%,10,10,10,10,10,NOS,1,,,0
SUNRICH 15LTR,REFINED OIL,GENERAL,GST 5%,2304.76,2420,2650,2500,2200,TIN,15,SRI BALAJI TRADER,15121910,0
SUNRICH 1LTR,REFINED OIL,GENERAL,GST 5%,140.476,147.5,170,1500,1220,PKT,10,SRI BALAJI TRADER,1512,0
SUNRICH 500ML,REFINED OIL,GENERAL,GST 5%,58.5,61.425,0,1250,1220,PKT,20,MANI BAJI SHOP,1512,0
SUNRISE 10/-,BEVERAGES,NESTLE,GST 18%,7.77,8.89,10,60,57,SHEETS,36,R K AGENCIES,21011120,0
SUNRISE 100GM,BEVERAGES,NESTLE,GST 18%,118.8,140.18,150,150,145,PKT,80,R K AGENCIES,21011120,0
SUNRISE 2/-,BEVERAGES,NESTLE,GST 5%,1.7,1.79,288,288,259,BUNDAL,144,MANI BAJI SHOP,7326,0
SUNRISE 5/-,BEVERAGES,NESTLE,GST 5%,4,4.2,5,30,28,SHEETS,6,MANI BAJI SHOP,7326,0
SUNRISE 50GM,BEVERAGES,NESTLE,GST 18%,59.4,67.29,75,75,72,NOS,96,R K AGENCIES,21011120,0
SUNSEA 1LTR,REFINED OIL,GENERAL,GST 5%,131.905,138.5,1350,1210,1200,PKT,10,RAYAKOTTAH ENTERPRISES,1512,0
SUNSEA 500ML,REFINED OIL,GENERAL,GST 5%,66.6665,70,75,1220,1210,BOX,20,RAYAKOTTAH ENTERPRISES,1512,0
SUNSLIK BLACK 1/-,SHAMPOO,HINDUSTAN,GST 18%,0.67,0.79,1,16,14.5,SHEETS,960,SRI BALAJI TRADING COMPANY,33051090,0
SUPER FLEXI 20/-,TOOTH BRESH,GODREJ,GST 18%,15.066,17.78,240,240,228,SHEETS,1,NEW GOLDEN AGENCIES,96032100,0
SUPER GARAM MASALA 200GM,MASALA,EVEREST,GST 5%,64,58.44,80,325,315,BUNDAL,1,SREE SAPTHAGIRI ENTERPRISES,,0
SUPER JUNIOR 15/-,TOOTH BRESH,GODREJ,GST 18%,9.416,11.11,15,145,130,SHEETS,1,NEW GOLDEN AGENCIES,96032100,0
SUPER RICE 25KG,RAW RICE,GENERAL,GST 5%,2285.71,2400,3800,2500,2600,BAG,25,HIRA TADERS,1006,0
SURF EXCEL BAR 25/-,WASHING,HINDUSTAN,GST 18%,19.62,22.57,25,25,24,NOS,60,SRI BALAJI TRADING COMPANY,,0
SURF EXCEL BAR FW 10/-,WASHING,HINDUSTAN,GST 18%,7.85,9.17,10,10,9.4,NOS,120,SRI BALAJI TRADING COMPANY,34011930,0
SURF EXCEL BAR FW 15/-,WASHING,HINDUSTAN,GST 18%,12.55,14.36,16,16,14.5,NOS,100,SRI BALAJI TRADING COMPANY,34011930,0
SURF EXCEL EW 1KG,WASHING,HINDUSTAN,GST 18%,96.41,112.63,124,1440,1380,BAG,12,SRI BALAJI TRADING COMPANY,34022010,0
SURF EXCEL EW 500G,WASHING,HINDUSTAN,GST 18%,48.2,56.31,62,60,58,PKT,20,SRI BALAJI TRADING COMPANY,34022010,0
SURF EXCEL EW BAIL 500G,WASHING,HINDUSTAN,GST 18%,48.2,56.31,62,1200,1160,BAG,20,SRI BALAJI TRADING COMPANY,34022010,0
SURF EXCEL QUICKWASH 60G+20G,WASHING,HINDUSTAN,GST 18%,7.43,8.5,10,60,54,SHEETS,6,SRI BALAJI TRADING COMPANY,34022010,0
SURF EXCEL QW 10/-,WASHING,HINDUSTAN,GST 18%,7.43,8.5,10,54,52.5,SHEETS,6,SRI BALAJI TRADING COMPANY,34022010,0
SURF EXCEL QW 1KG,WASHING,HINDUSTAN,GST 18%,133.4,154.26,160,155,148,PKT,16,SRI BALAJI TRADING COMPANY,34022010,0
SURF EXCEL QW 500G,WASHING,HINDUSTAN,GST 18%,66.7,77.13,85,85,70,PKT,32,SRI BALAJI TRADING COMPANY,34022010,0
SURF MTC LIQ FL 1.02LTR,WASHING,HINDUSTAN,GST 18%,168.71,185.14,215,200,190,NOS,12,SRI BALAJI TRADING COMPANY,34022010,0
SURF MTC LIQ FL 500ML,WASHING,HINDUSTAN,GST 18%,86.31,94.72,110,105,98,NOS,20,SRI BALAJI TRADING COMPANY,34022010,0
SURF MTC LIQ TL 1.02 LTR,WASHING,HINDUSTAN,GST 18%,148.31,162.76,189,175,165,NOS,12,SRI BALAJI TRADING COMPANY,34022010,0
SURF MTC LIQ TL 500ML,WASHING,HINDUSTAN,GST 18%,74.55,81.81,95,90,85,NOS,20,SRI BALAJI TRADING COMPANY,3402210,0
SURYA MAIDA 10KG,FLOUR,GENERAL,GST 0%,31,31,3500,330,320,BAG,5,,1106,0
SURYA MAIDA 50KG,FLOUR,GENERAL,GST 0%,29.5,30,3500,1500,1490,BAG,50,CASH BILL,1106,0
TABLE SALT 25KG,SALT,GENERAL,GST 0%,180,180,0,200,190,BAG,25,CASH BILL,2501,0
TABLE SALT AASHIRVVAD 25KG,SALT,GENERAL,GST 0%,0,0,21,450,400,BAG,25,SHREE SHANER AGANICES,,0
TABLE SALT OFRESH 25KG,SALT,GENERAL,GST 0%,180,180,250,250,200,BAG,25,SHAMBHAVI SYNDICATE,25010010,0
TAJ MAHAL 100G,BEVERAGES,HINDUSTAN,GST 5%,62.31,65.43,70,70,68,NOS,1,SRI BALAJI TRADING COMPANY,902302,0
TAJ MAHAL 250G,BEVERAGES,HINDUSTAN,GST 5%,156.35,164.17,175,170,168,NOS,1,SRI BALAJI TRADING COMPANY,9023020,0
TAMARIND A 10KG,MASALA,GENERAL,GST 0%,121,121,3500,1600,1400,KGS,10,,8134010,0
TAMARIND B 10KG,MASALA,GENERAL,GST 0%,121,121,0,1400,1300,KGS,10,,8134010,0
TAMARIND C 10KG,MASALA,GENERAL,GST 0%,101,101,0,1200,1150,KGS,10,,8134010,0
TASTING SALT,SPICES,GENERAL,GST 0%,105,105,0,130,120,KGS,1,CASH BILL,,0
TASTING SALT 5/-,AMAR,GENERAL,GST 0%,190,190,0,240,230,BUNDAL,60,CASH BILL,2922,0
TASTING SALT 500GM,SPICES,GENERAL,GST 0%,60,60,130,80,70,PKT,1,CASH BILL,,0
TATA CRYSTAL 25KG,SALT,GENERAL,GST 0%,8.8,8.8,400,350,300,BAG,25,SRI VISHNU AGENCIES,2501,0
TATA SALT 25KG,SALT,GENERAL,GST 0%,17.08,17.08,21,475,465,BAG,25,SRI VISHNU AGENCIES,2501,0
TD ADHITHI 30KG,DALL,GENERAL,GST 0%,113,113,4500,4000,3800,KGS,30,MANI BAJI SHOP,713,0
TD DANALAKSHMI 25KG,DALL,GENERAL,GST 0%,93,93,3500,2875,2750,KGS,25,SRI VENGATESHWARA TRADERS,713,0
TD GOOGLE 50KG,DALL,GENERAL,GST 0%,4400,4400,6150,5000,4800,BAG,50,CASH BILL,713,0
TD JOTHI 25KG,DALL,GENERAL,GST 0%,92,92,3300,2800,2750,KGS,25,SRI VENGATESHWARA TRADERS,713,0
TD MUYAL 25KG,DALL,GENERAL,GST 0%,75,75,0,2500,2250,KGS,25,MANI BAJI SHOP,713,0
TD NATRAJA 50KG,DALL,GENERAL,GST 0%,96.6,96.6,6500,5500,5300,KGS,50,DAIMOND TRADING COMPANY,713,0
TD PCR 25KG,DALL,GENERAL,GST 0%,96,96,3500,2550,2500,KGS,25,SHAMBHAVI SYNDICATE,713,0
TD SHIVALING 50KG,DALL,GENERAL,GST 0%,105.8,105.8,6500,6000,5800,BAG,50,DAIMOND TRADING COMPANY,713,0
TD VCP 50KG,DALL,GENERAL,GST 0%,99.6,99.6,6500,5750,5500,KGS,50,DAIMOND TRADING COMPANY,713,0
TEA CUP 70NOS,GENERAL,GENERAL,GST 18%,25,29.5,0,35,30,NOS,1,MANI BAJI SHOP,4806,0
TEA KT GOLD 250,BEVERAGES,GENERAL,GST 5%,75.1691,77.35,110,85,80,NOS,1,LAKSHMI ENTERPRISES,9024020,0
TEA KT ROYAL 250,BEVERAGES,GENERAL,GST 5%,68.0048,69.98,100,80,75,NOS,1,LAKSHMI ENTERPRISES,9024020,0
TEJU CHICKEN KABAB 500GM,MASALA,TEJU,GST 5%,100,105,175,120,110,PKT,1,SREE VARI AGENCIES,9109100,0
TEJU CHICKEN MASALA 500GM,MASALA,TEJU,GST 5%,110,115.5,160,130,120,NOS,1,SREE VARI AGENCIES,9109100,0
TEJU CHILLI PWD 500GM,MASALA,TEJU,GST 5%,85.715,90,150,100,95,NOS,1,SREE VARI AGENCIES,9042211,0
TEJU CORIANDER PWD 500GM,MASALA,TEJU,GST 5%,61.905,65,300,75,135,NOS,1,SREE VARI AGENCIES,9109100,0
TEJU GOBI MASALA 100GM,MASALA,GENERAL,GST 0%,24,24,30,30,28,PKT,1,,,0
TEJU SAMBAR PWD 500GM,MASALA,TEJU,GST 5%,146,153.3,300,160,155,NOS,1,SREE VARI AGENCIES,9109100,0
TEJU SUPER GARAM 200GM,MASALA,TEJU,GST 5%,30.476,32,85,45,40,PKT,1,SREE VARI AGENCIES,9109100,0
THAT MAT,GENERAL,GENERAL,GST 0%,21,21,0,40,35,NOS,1,MANI BAJI SHOP,,0
THREAD,GENERAL,GENERAL,GST 0%,5,5,0,7,6,NOS,1,MANI BAJI SHOP,,0
TIDE 95GM 12+1STRMR,WASHING,P&G,GST 18%,7.85,7.7,10,108,96,SHEETS,60,BHAWAR SALES CORPORATION,34022010,0
TIDE BAR BLUE 150G 10/-,WASHING,P&G,GST 18%,7.85,9.26,10,10,9.5,NOS,60,BHAWAR SALES CORPORATION,34011941,0
TIDE DOUBLE PWD 1KG,WASHING,P&G,GST 18%,83.18,84.65,106,100,90,PKT,24,BHAWAR SALES CORPORATION,340022010,0
TIDE DOUBLE PWD 500GM,WASHING,P&G,GST 18%,41.58,42.31,53,50,43,PKT,48,BHAWAR SALES CORPORATION,340022010,0
TIGER 25KG,FULL BOILED,GENERAL,GST 0%,27.6,27.6,950,700,680,KGS,25,EASHWAR ENTERPRISES,1006,0
TIKALAL MASALA 100GRM,MASALA,EVEREST,GST 5%,34.14,34.23,43,400,380,PKT,160,SREE SAPTHAGIRI ENTERPRISES,904,0
TISSUE PAPER,GENERAL,GENERAL,GST 0%,20,20,58,40,30,PKT,1,MANI BAJI SHOP,,0
TOFFICHOO STRAWBERR,CHOCOLATE,ITC,GST 12%,40.83,41.65,50,2016,1930,PKT,42,SHREE SHANER AGANICES,1704,0
TOMATO PICHKOO 15/-,SAUCE,NESTLE,GST 12%,12.29,12.82,15,15,14,NOS,20,R K AGENCIES,21032000,0
TOMATO RICE PWD 10/-,MIXED RICE,MTR,GST 5%,8.02,8.42,10,120,108,SHEETS,12,VENKATESHWARA AGENCIES,9109100,0
TOMATO SAUCE 1LTR,SAUCE,GENERAL,GST 0%,33,33,0,500,450,BOX,12,,904,0
TOOTH PICS,GENERAL,GENERAL,GST 0%,11,11,18,120,115,BOX,10,MANI BAJI SHOP,,0
TOPOZ,RAW RICE,GENERAL,GST 0%,1180,1180,0,1300,1250,BAG,1,CASH BILL,1006,0
TRANSPORT,GENERAL,GENERAL,GST 0%,1,1,1,1,1,NOS,1,MANI BAJI SHOP,,0
TRESEMME HAIRFALL 2/-,SHAMPOO,HINDUSTAN,GST 18%,1.34,1.45,2,30,28,SHEETS,1,SRI BALAJI TRADING COMPANY,33051090,0
TRESEMME KRTN 2/-,SHAMPOO,HINDUSTAN,GST 18%,1.34,1.45,2,30,28,SHEETS,1,SRI BALAJI TRADING COMPANY,33051090,0
TURMERIC STICK,SPICES,GENERAL,GST 18%,70,82.6,0,150,100,KGS,1,CASH BILL,910,0
TURMERIC STICKS,SPICES,GENERAL,GST 0%,90,90,150,150,120,KGS,1,MANI BAJI SHOP,,0
UD BLACK 50KG,DALL,GENERAL,GST 0%,80,80,0,95,90,KGS,1,MANI BAJI SHOP,713,0
UD WHITE50KG,DALL,GENERAL,GST 0%,84,84,3000,100,95,KGS,1,SRI VENGATESHWARA TRADERS,713,0
UG BLACK 50KG,DALL,GENERAL,GST 0%,85,85,0,100,90,KGS,1,MANI BAJI SHOP,713,0
UG RED 50KG,DALL,GENERAL,GST 0%,114,114,6800,6250,6200,KGS,50,SHAMBHAVI SYNDICATE,1106,0
UG SK BRAND 50KG,DALL,GENERAL,GST 0%,105,105,0,5750,5500,KGS,50,MANI BAJI SHOP,1106,0
UG SURYA 50KG,DALL,GENERAL,GST 0%,102,102,5800,5500,5000,KGS,50,SHAMBHAVI SYNDICATE,713,0
UG TMC 50KG,DALL,GENERAL,GST 0%,95,95,0,5500,5000,KGS,50,MANI BAJI SHOP,1106,0
UG VINAYAKA 50KG,DALL,GENERAL,GST 0%,117,117,0,6300,6200,KGS,50,MANI BAJI SHOP,1106,0
UJALA SUPRM 250ML,WASHING,UJALA,GST 18%,53.93,61.73,70,67,62,BOTTLE,48,SRI RAM AGENCY,32041294,0
UJALA SUPRM 75ML,WASHING,UJALA,GST 18%,19.27,22.06,25,24,22.5,BOTTLE,144,SRI RAM AGENCY,32041294,0
UTTAM MO 1LTR,MUSTARD OIL,GENERAL,GST 5%,142.8575,150,190,1680,1660,BOX,12,RAYAKOTTAH ENTERPRISES,15149120,0
UTTAM MO 500ML,MUSTARD OIL,GENERAL,GST 5%,64.286,67.5,90,1800,1730,BOX,24,RAYAKOTTAH ENTERPRISES,15149120,0
VAIGAI 25KG,FULL BOILED,GENERAL,GST 0%,45,45,3100,1250,1200,KGS,25,MANI BAJI SHOP,1006,0
VANASPATHI 100ML,VANASPATHI,GENERAL,GST 5%,9,9.5,0,1000,980,BOX,100,CASH BILL,1516,0
VANASPATHI 1LTR,VANASPATHI,GENERAL,GST 5%,84.762,89,1200,1000,980,BOX,10,RAYAKOTTAH ENTERPRISES,1516,0
VANASPATHI 200ML,VANASPATHI,GENERAL,GST 5%,18,18,0,1000,980,BOX,50,MANI BAJI SHOP,1516,0
VANASPATHI 500ML,VANASPATHI,GENERAL,GST 5%,952.38,1000,1250,1000,980,BOX,20,SRI BALAJI TRADER,1516,0
VANGIBATH POWDER 10/-,MIXED RICE,MTR,GST 5%,8.66,9.09,10,10,9,SHEETS,12,VENKATESHWARA AGENCIES,9109100,0
VANGIBATH PWD 100GM,MASALA,MTR,GST 5%,47.83,50.22,58,55,52,PKT,1,VENKATESHWARA AGENCIES,9109100,0
VASELINE ALOE 100ML,BEAUTY PRODUCTS,HINDUSTAN,GST 18%,73.19,86.36,95,95,90,NOS,1,SRI BALAJI TRADING COMPANY,33049930,0
VASELINE BRIGHTENTING 100ML,BEAUTY PRODUCTS,HINDUSTAN,GST 18%,76.27,90,99,99,95,NOS,1,SRI BALAJI TRADING COMPANY,33049930,0
VASELINE COCA 100ML,BEAUTY PRODUCTS,HINDUSTAN,GST 18%,76.27,90,99,99,92,NOS,1,SRI BALAJI TRADING COMPANY,33049930,0
VASELINE DEEP STORE 100ML,BEAUTY PRODUCTS,HINDUSTAN,GST 18%,57.78,68.18,75,75,70,NOS,1,SRI BALAJI TRADING COMPANY,33049930,0
VASELINE PJ 42/-,BEAUTY PRODUCTS,ITC,GST 18%,32.36,38.18,42,504,468,NOS,1,SRI BALAJI TRADING COMPANY,0,0
VASELINE PJ 5/-,BEAUTY PRODUCTS,ITC,GST 18%,3.85,4.54,5,240,225,NOS,1,SRI BALAJI TRADING COMPANY,0,0
VENIGAR 1LTS,SAUCE,GENERAL,GST 0%,10.8,10.8,20,15,13,BOTTLE,12,,,0
VERM ANIL 180GM,VERMICELLI,ANIL,GST 0%,11.25,11.25,17,250,240,BAG,2,MANI BAJI SHOP,1904,0
VERM ANIL RAGI,VERMICELLI,ANIL,GST 0%,16,16,21,18,17,PKT,1,MANI BAJI SHOP,1902,0
VERM ANIL RICE,VERMICELLI,ANIL,GST 0%,55,55,61,60,58,PKT,1,MANI BAJI SHOP,1902,0
VERM MTR 150GM,VERMICELLI,MTR,GST 5%,11.05,11.6,16,15,13,PKT,112,VENKATESHWARA AGENCIES,19023010,0
VERM MTR 400GM,VERMICELLI,GENERAL,GST 5%,0,0,0,0,0,PKT,1,VENKATESHWARA AGENCIES,19023010,0
VERM MTR 850G,VERMICELLI,GENERAL,GST 5%,50.97,53.52,80,70,60,PKT,20,VENKATESHWARA AGENCIES,19023010,0
VGR BANSI SOOJI 500GM,FLOUR,VGR,GST 0%,0,19,0,1100,1050,BAG,50,,713,0
VGR CHAKKI ATTA 10KG,FLOUR,VGR,GST 0%,280,280,400,1020,960,BAG,3,,1106,0
VGR CHAKKI ATTA 1KG,FLOUR,GENERAL,GST 0%,840,840,0,950,900,BAG,3,CASH BILL,1106,0
VGR CHAKKI ATTA 500GM,FLOUR,GENERAL,GST 0%,750,750,0,850,800,BAG,50,CASH BILL,1106,0
VGR CHAKKI ATTA 5KG,FLOUR,GENERAL,GST 0%,840,840,0,950,900,BAG,6,CASH BILL,1106,0
VGR GRAM FLOUR 10KG,FLOUR,GENERAL,GST 0%,500,500,0,600,580,BAG,1,,1106,0
VGR GRAM FLOUR 500GM,FLOUR,GENERAL,GST 0%,1900,1900,2050,2000,1950,BAG,50,CASH BILL,1106,0
VGR MAIDA 1KG,FLOUR,GENERAL,GST 0%,29,29,0,800,750,BAG,25,,1106,0
VGR MAIDA 500GM,FLOUR,GENERAL,GST 0%,700,700,0,800,750,BAG,50,CASH BILL,1106,0
VGR RAGI FLOUR 500GM,FLOUR,VGR,GST 0%,0,0,0,0,0,BAG,50,,713,0
VGR SOOJI 500GM,FLOUR,GENERAL,GST 0%,950,950,0,1050,1000,BAG,50,CASH BILL,1106,0
VGR THICK FLACKS 500GM,FLOUR,GENERAL,GST 0%,22,22,0,1350,1250,BAG,50,,1106,0
VICKS DROPS 120+5 PKT,CHOCOLATE,P&G,GST 12%,89.41,100.14,125,120,110,PKT,32,BHAWAR SALES CORPORATION,30049011,0
VIM BAR 150G,DISHWASH,HINDUSTAN,GST 18%,7.85,9.08,10,10,9.3,NOS,100,SRI BALAJI TRADING COMPANY,34054000,0
VIM BAR 300G,DISHWASH,HINDUSTAN,GST 18%,15.69,18.51,20,20,19,NOS,50,SRI BALAJI TRADING COMPANY,34054000,0
VIM BAR 85G,DISHWASH,HINDUSTAN,GST 18%,3.92,4.53,5,5,4.6,NOS,162,SRI BALAJI TRADING COMPANY,34054000,0
VIM DROP LMN GEL 10/-,DISHWASH,HINDUSTAN,GST 18%,7.85,8.71,10,10,9,NOS,48,SRI BALAJI TRADING COMPANY,34022010,0
VIM DROP LMN GEL 20/-,DISHWASH,HINDUSTAN,GST 18%,15.69,18.51,20,20,18.5,NOS,36,SRI BALAJI TRADING COMPANY,34022010,0
VIM SCRUB 10/-,WASHING,HINDUSTAN,GST 18%,6,7.08,10,100,90,SHEETS,30,SRI BALAJI TRADING COMPANY,68053000,0
VIM TUB 27/-,DISHWASH,HINDUSTAN,GST 18%,16.87,19.91,27,27,25,NOS,60,SRI BALAJI TRADING COMPANY,,0
VIM TUB 48/-,DISHWASH,HINDUSTAN,GST 18%,36.16,42.03,48,48,45,NOS,24,SRI BALAJI TRADING COMPANY,34054000,0
VINAYAKA 25KG,HALF BOILED,GENERAL,GST 0%,32,32,0,850,800,KGS,25,MANI BAJI SHOP,1006,0
VIVEL ALOE VERA 10/-,WASHING,ITC,GST 18%,7.85,8.61,10,10,9.5,NOS,1,SHREE SHANER AGANICES,3401 11 90,0
VIVEL ALOE VERA 100G,WASHING,ITC,GST 18%,19.62,21.53,24,25,24,NOS,1,SHREE SHANER AGANICES,3401 11 90,0
VIVEL BB COOL MINT 10/-,WASHING,ITC,GST 18%,7.85,8.61,10,10,9.5,NOS,1,SHREE SHANER AGANICES,3401 11 90,0
VIVEL LOTUS OIL 100G,WASHING,ITC,GST 18%,19.62,21.53,25,25,24,NOS,1,SHREE SHANER AGANICES,341 11 90,0
WATER CUP 70NO,GENERAL,GENERAL,GST 18%,47,55.46,0,70,65,NOS,1,MANI BAJI SHOP,4806,0
WATER MELON SEEDS,DRY FRUITS,GENERAL,GST 18%,100,118,0,150,130,KGS,1,CASH BILL,1207,0
WHEAT BLUE SHINE 25KG,DALL,GENERAL,GST 0%,770,770,0,850,820,BAG,25,CASH BILL,1001,0
WHEEL ACT LMN & JAS 155G,WASHING,HINDUSTAN,GST 18%,7.59,8.96,10,10,9.2,PKT,1,SRI BALAJI TRADING COMPANY,34022010,0
WHEEL LMN & JAS PWD 500G,WASHING,ITC,GST 18%,20.5,24.19,27,27,25,PKT,1,SRI BALAJI TRADING COMPANY,34022010,0
WHEEL LMS & JAS PWD 1KG,WASHING,HINDUSTAN,GST 18%,40.01,47.21,53,50,49,PKT,1,SRI BALAJI TRADING COMPANY,34022010,0
WHISPER CHOICE ULTRAR 42/-,SANITARY PAD,P&G,GST 0%,37.84,37.84,42,40,39,NOS,108,BHAWAR SALES CORPORATION,96190010,0
WHISPER CHOICE WNG 30/-,SANITARY PAD,P&G,GST 0%,27.03,27.03,30,30,28,NOS,120,BHAWAR SALES CORPORATION,96190010,0
WHITE PEAS 50KG,DALL,GENERAL,GST 0%,68,68,0,4000,3900,KGS,50,MANI BAJI SHOP,713,0
WHITE PEPPER PWD 100GM,SPICES,GENERAL,GST 18%,100,118,0,140,130,BUNDAL,10,CASH BILL,910,0
WHITE TILL,SPICES,GENERAL,GST 18%,145,171.1,0,200,180,KGS,1,MANI BAJI SHOP,,0
YIPPEE MAGIC MSL 12/-,NOODLES,ITC,GST 12%,9.86,11.04,12,1728,1656,BOX,144,SHREE SHANER AGANICES,1905,0
YIPPEE MAGIC MSL 2IN1 23/-,NOODLES,ITC,GST 12%,18,20.16,23,1104,1056,BOX,48,SHREE SHANER AGANICES,1902,0
YIPPEE MAGIC MSL 4IN1 46/-,NOODLES,ITC,GST 12%,37.8,41.7,46,1620,1584,BOX,36,SHREE SHANER AGANICES,1902,0
YIPPEE MAGIC MSL 5/-,NOODLES,ITC,GST 12%,4.15,4.65,5,40,38.8,SHEETS,1,SHREE SHANER AGANICES,1905,0
YIPPEE MAGIC MSL 6IN1 68/-,NOODLES,ITC,GST 12%,55.87,61.64,68,1584,1536,BOX,24,SHREE SHANER AGANICES,1902,0
Z TALC 100GM,BEAUTY PRODUCTS,Z,GST 18%,86.32,94.73,110,110,105,BOTTLE,1,JAYALAKSHMI AGENCIES,3304,0
Z TALC 50GM,BEAUTY PRODUCTS,Z,GST 18%,47.08,51.67,60,60,58,BOTTLE,1,JAYALAKSHMI AGENCIES,3304,0