20-20 CLASSIC BUTTER,BISCUITS,GST 18%,GST 18%,3.78,4.37,5,60,55.2,BUNDLE,19059020
20-20 CLASSIC CASHEW,BISCUITS,GST 18%,GST 18%,3.78,4.37,5,60,55.2,BUNDLE,19059020
3ROSES 100G,BEVERAGES,GST 5%,GST 5%,62.31,65.43,70,70,68,NOS,09023020
3ROSES 250G,BEVERAGES,GST 5%,GST 5%,155.76,163.55,175,170,165,NOS,09023020
3ROSES DUST 2X500G RELUNCH,BEVERAGES,GST 5%,GST 5%,228.03,239.43,277.5,250,245,NOS,09023020
3ROSES DUST 500G RELAUNCH,BEVERAGES,GST 5%,GST 5%,302.63,317.76,340,330,320,NOS,09023020
3ROSES DUST 7G,BEVERAGES,GST 5%,GST 5%,4.14,4.35,5,120,110,BUNDAL,09023010
3ROSES NATURAL CARE 100G,BEVERAGES,GST 5%,GST 5%,69.26,72.72,80,80,75,NOS,09023020
3ROSES NATURAL CARE 14G,BEVERAGES,GST 5%,GST 5%,8.35,8.77,10,240,216,SHEETS,09023010
3ROSES NATURAL CARE 250G,BEVERAGES,GST 5%,GST 5%,173.56,182.24,195,190,184,NOS,09023020
3ROSES RS10/-  14G,BEVERAGES,GST 5%,GST 5%,8.35,8.77,10,240,220,SHEETS,09023020
AASHIRVAAD ATTA 10KG,FLOUR,GST 5%,GST 5%,414.54,389.13,490,1290,1230,PKT,1101
AASHIRVAAD ATTA 1KG,FLOUR,GST 5%,GST 5%,47.24,49.21,1710,1650,1560,PKT,1101
AASHIRVAAD ATTA 500GM,FLOUR,GST 5%,GST 5%,1417.2,1476.16,1860,1680,1560,PKT,1101
AASHIRVAAD ATTA 5KG,FLOUR,GST 5%,GST 5%,234.05,229.41,270,1530,1500,PKT,1101
AISHWARYA 25KG,HALF BOILED,GST 0%,GST 0%,46,46,2900,1250,120,KGS,1006
AJINOMOTO 500G,SPICES,GST 18%,GST 18%,101.7,120.01,150,140,130,PKT,29224220
AJITH 25KG,RAW RICE,GST 0%,GST 0%,48,48,2600,1300,1250,KGS,1006
AKR JEERA RICE 25KG,JEERA RICE,GST 0%,GST 0%,2192.33,2192.33,3500,2500,2250,BAG,1006
ANNACHI POO,SPICES,GST 18%,GST 18%,850,1003,0,1200,1150,KGS,1207
ASAFOETIDA,SPICES,GST 0%,GST 0%,140,140,200,180,160,BOX,1304
AVALAKKI 30KG,DALL,GST 0%,GST 0%,40,40,3100,1250,1200,KGS,1006
BADAM,DRY FRUITS,GST 28%,GST 28%,650,832,0,1000,900,KGS,0802
BADAM DRINK 450GMS,BEVERAGES,GST 18%,GST 18%,179.77,212.13,245,230,220,PKT,21069099
BADAM DRINK MIX 10GMS,BEVERAGES,GST 18%,GST 18%,3.67,4.33,5,50,46,SHEETS,21609099
BADAM MIX DRINK 200GMS,BEVERAGES,GST 18%,GST 18%,88.9,104.9,120,3450,3300,BOX,21069099
BALLAR 50KG,DALL,GST 0%,GST 0%,2500,2500,4000,3000,2750,BAG,0713
BALLAR DALL 25KG,DALL,GST 0%,GST 0%,65,65,1900,1950,1750,KGS,0713
BASMATHI 25KG,RAW RICE,GST 0%,GST 0%,76,76,2750,2100,2050,KGS,1006
BASMATHI GOLD 25KG,BASMATHI,GST 0%,GST 0%,1454.91,1454.91,3500,2000,1900,BAG,1006
BASMATHI PLT 25KG,BASMATHI,GST 0%,GST 0%,1654.21,1654.21,4500,2100,2000,BAG,1006
BINGO ORIGINAL CHILLI 10/-,CHIPS,GST 12%,GST 12%,8.16,8.87,10,110,105,SHEETS,2005
BINGO ORIGINAL SALT 10/-,CHIPS,GST 12%,GST 12%,8.16,8.87,10,110,105,SHEETS,2005
BISBELEBATH POWDER 17GMS,MASALA,GST 5%,GST 5%,8.25,8.66,10,120,102,SHEETS,09109100
BL BANSI SOOJI 500GM,FLOUR,GST 0%,GST 0%,19,19,35,880,840,PKT,1106
BL CHAKKI ATTA 10KG,FLOUR,GST 0%,GST 0%,300,300,450,1080,1020,PKT,1106
BL CHAKKI ATTA 1KG,FLOUR,GST 0%,GST 0%,31,31,48,640,630,PKT,1106
BL CHAKKI ATTA 500GM,FLOUR,GST 0%,GST 0%,620,620,0,640,630,BAG,1106
BL CHAKKI ATTA 5KG,FLOUR,GST 0%,GST 0%,930,930,0,1000,980,BAG,1106
BL CHIROTI SOOJI 500GM,FLOUR,GST 0%,GST 0%,820,820,0,880,860,BAG,1106
BL CORN FLOUR 1KG,FLOUR,GST 0%,GST 0%,850,850,0,1000,950,BAG,1106
BL GRAM FLOUR 500GM,FLOUR,GST 0%,GST 0%,1540,1540,0,1600,1550,BAG,1106
BL GRAM FLOUR GLOBE 10KG,FLOUR,GST 0%,GST 0%,2250,2250,0,2500,2350,BAG,1106
BL GRAM FLOUR GLOBE 1KG,FLOUR,GST 0%,GST 0%,1980,2010,0,2300,2200,BAG,1106
BL GRAM FLOUR TIGER 10KG,FLOUR,GST 0%,GST 0%,1680,1710,0,1950,1900,BAG,1106
BL MAIDA 500GM,FLOUR,GST 0%,GST 0%,610,610,0,650,630,BAG,1106
BL MASSOR GOLA 30KG,DALL,GST 0%,GST 0%,2150,2150,0,2300,2250,BAG,0713
BL RAGI FLOUR 1KG,FLOUR,GST 0%,GST 0%,625,625,0,650,640,BAG,1106
BL RAGI FLOUR 500GM,FLOUR,GST 0%,GST 0%,625,625,0,650,640,BAG,1106
BL RICE FLAKS 30KG,DALL,GST 0%,GST 0%,1000,1000,0,1200,1150,BAG,0713
BL RICE FLOUR 1KG,FLOUR,GST 0%,GST 0%,680,680,0,720,700,BAG,1106
BL ROASTED SOOJI 500GM,DALL,GST 0%,GST 0%,21,21,28,940,920,PKT,0713
BL SOOJI 500GM,FLOUR,GST 0%,GST 0%,21,21,25,880,22,PKT,
BL THICK RICE FLAKS 500GM,DALL,GST 0%,GST 0%,900,900,0,950,930,BAG,1106
BL THIN RICE FLAKS 500GM,DALL,GST 0%,GST 0%,1080,1080,0,1200,150,BAG,1106
BLACK JEERA,SPICES,GST 18%,GST 18%,280,310,10,340,320,KGS,
BLACK JEERA 10 NO,10 SHEET,GST 18%,GST 18%,5.5,6.49,10,9,8,PKT,09083190
BOUNCE CHOCO 34G,BISCUITS,GST 18%,GST 18%,3.89,4.45,5,60,57,BUNDLE,1905
BOUNCE ELAICHI 34G,BISCUITS,GST 18%,GST 18%,3.88,4.44,5,60,57,BUNDLE,1905
BOUNCE ORANGE 34G,BISCUITS,GST 18%,GST 18%,3.88,4.44,5,60,57,BUNDLE,1905
BOUNCE PINEAPPLE 34G,BISCUITS,GST 18%,GST 18%,3.88,4.44,5,60,57,BUNDLE,1905
BROKANE KALKI 25KG,HALF BOILED,GST 0%,GST 0%,20,20,0,550,500,KGS,1006
BRU GREEN LABEL 100G,BEVERAGES,GST 5%,GST 5%,21.45,22.52,25,100,94,SHEETS,09019020
BRU GREEN LABEL 200G,BEVERAGES,GST 5%,GST 5%,51.48,54.05,60,58,55,NOS,09019020
BRU GREEN LABEL 500G,BEVERAGES,GST 5%,GST 5%,132.99,139.64,155,150,145,NOS,09019020
BRU INS 11G,BEVERAGES,GST 18%,GST 18%,7.43,8.77,10,120,108,SHEETS,21011120
BRU INS 5.5G,BEVERAGES,GST 18%,GST 18%,3.72,4.39,5,75,69,SHEETS,21011120
BRU INSTANT SUPER STRONG 200G,BEVERAGES,GST 18%,GST 18%,123.49,145.72,153,153,150,SHEETS,2101112
BRU TRIPTI SUPER STRONG 200G,BEVERAGES,GST 18%,GST 18%,121.87,143.81,151,150,145,SHEETS,2101112
BULLET JEERA 25KG,HALF BOILED,GST 0%,GST 0%,34,34,1200,950,930,KGS,1006
BULLET JEERA NEW 25KG,HALF BOILED,GST 0%,GST 0%,36,36,1800,980,960,BAG,1006
CARDAMOM,SPICES,GST 18%,GST 18%,4800,4850,0,4900,5100,KGS,09083190
CARDAMOM 5/-,AMAR,GST 0%,GST 0%,190,190,0,240,230,BUNDAL,0910
CASHEW 2PC 1KG,DRY FRUITS,VAT 0 %,VAT 0 %,490,490,700,650,600,PKT,0802
CASHEW 5/-,AMAR,GST 0%,GST 0%,190,190,0,240,230,BUNDAL,0801
CASHEW FULL 1KG,DRY FRUITS,GST 18%,GST 18%,490,578.2,0,700,650,PKT,0802
CHANNA 30KG,DALL,GST 0%,GST 0%,1943.2,1943.2,2900,2050,2020,BAG,0713
CHILLI BIG,SPICES,GST 0%,GST 0%,1700,1700,0,2100,2050,BAG,0904
CHILLI BIG 10KG,SPICES,GST 0%,GST 0%,1700,1700,0,2100,2050,BAG,0904
CHILLI ROUND 20KG,SPICES,GST 0%,GST 0%,170,170,250,2500,2350,KGS,0904
CHILLI SMALLS 10KG,SPICES,GST 0%,GST 0%,1600,1600,0,2200,2000,BAG,0904
CHILLI STEEMLESS 10KG,SPICES,GST 0%,GST 0%,2200,2200,0,2500,2300,BAG,0904
CLASSIC BASMATHI 25KG,RAW RICE,GST 5%,GST 5%,3380.95,3550,210,4200,3200,BAG,1006
CLOSEUP 20,PASTE,GST 18%,GST 18%,15.17,17.9,20,220,209,SHEETS,
CLOVE,SPICES,GST 0%,GST 0%,550,550,0,750,700,KGS,1207
COLOR APPLE GREEN,SPICES,GST 0%,GST 0%,30,30,40,35,30,BOX,32030020
COLOR APPLE GREEN BUSH,SPICES,GST 0%,GST 0%,45,45,0,55,50,BOX,32030020
COLOR KESARI,SPICES,GST 0%,GST 0%,30,30,40,35,30,BOX,32030020
COLOR KESARI BUSH,SPICES,GST 0%,GST 0%,40,40,55,55,50,BOX,32030020
COLOR LEMON YELLOW,SPICES,GST 0%,GST 0%,30,30,40,35,30,BOX,32030020
COLOR LEMON YELLOW BUSH,SPICES,GST 0%,GST 0%,45,45,55,55,50,BOX,32030020
COLOR ORANGE RED,SPICES,GST 0%,GST 0%,30,30,0,35,30,BOX,3203002
COLOR ORANGE RED BUSH,SPICES,GST 0%,GST 0%,50,50,55,55,50,BOX,32030020
CREYSTAL SALT OFRESH 25KG,SALT,GST 0%,GST 0%,160,160,250,250,190,BAG,25010010
DANIYA 40KG,MASALA,GST 0%,GST 0%,2950,2950,3500,3200,3150,BAG,0909
DANIYA VIP 40KG,MASALA,GST 0%,GST 0%,3125,3125,4500,3300,3250,BAG,0909
DARK FANTASY CHOCO FILLS 20G,BISCUITS,GST 18%,GST 18%,7.52,8.52,10,100,90,SHEETS,1905
DO MUNGAI 200ML,DEEPAM OIL,GST 5%,GST 5%,1000,1050,0,1100,1080,BOX,1518
DO MUNGAI 400ML,DEEPAM OIL,GST 5%,GST 5%,800,840,0,950,900,BOX,1518
DO MUNGAI 800ML,DEEPAM OIL,GST 5%,GST 5%,800,840,0,950,900,BOX,1518
DO SUN 1LTR,DEEPAM OIL,GST 5%,GST 5%,760,798,0,850,830,BOX,1518
DO SUN 200ML,DEEPAM OIL,GST 5%,GST 5%,960,1008,0,1050,1030,BOX,1518
DO SUN 500ML,DEEPAM OIL,GST 5%,GST 5%,760,798,0,850,820,BOX,1518
DOUBLE PURA 25KG,FULL BOILED,GST 0%,GST 0%,890,890,0,950,900,BAG,1006
DOUBLE ROSE 25KG,FULL BOILED,GST 0%,GST 0%,890,890,0,950,920,BAG,1006
DOVE CREAM BAR 100G,SOAP,GST 18%,GST 18%,35.31,40,45,45,42,NOS,34011190
DOVE CREAM BAR 50G,SOAP,GST 18%,GST 18%,17.26,19.55,22,22,20,NOS,34011190
DRY GRAPES 1KG,DRY FRUITS,GST 18%,GST 18%,280,330.4,0,350,340,PKT,0802
DSM 10KG,FULL BOILED,GST 0%,GST 0%,510,510,0,550,530,BAG,1006
DSM 25KG,FULL BOILED,GST 0%,GST 0%,1270,1270,0,1300,1280,BAG,1006
DUBAR RICE 1KG,RAW RICE,GST 0%,GST 0%,1640,1640,0,1800,1760,BAG,1006
FG GLOBE 30G,DALL,GST 0%,GST 0%,2280,2280,3500,2550,2500,BAG,0713
FG ROCKET 30KG,DALL,GST 0%,GST 0%,2130,2130,3600,2500,2300,BAG,0713
FG THRISHUL 30KG,DALL,GST 0%,GST 0%,2400,2400,0,2600,2550,BAG,0713
FRIED GRAM ||,DALL,GST 0%,GST 0%,80,80,90,85,80,KGS,000
FRIED RICE HOT & SPICY 20GMS,MIXED RICE,GST 12%,GST 12%,6.7,7.5,10,100,90,SHEETS,21039040
FRIED RICE ORIGINAL,MIXED RICE,GST 12%,GST 12%,6.7,7.5,10,100,90,SHEETS,21039040
FULL BOILED RICE,FULL BOILED,GST 0%,GST 0%,52,52,0,55,53,KGS,1006
FULL TOSS MASALA MASTI 5/-,CHIPS,GST 12%,GST 12%,3.57,4,5,75,68,SHEETS,21069099
FULL TOSS NOODLE 5/-,CHIPS,GST 12%,GST 12%,3.57,4,5,75,68,SHEETS,21069099
FULL TOSS THAI SRURACHA 5/-,CHIPS,GST 12%,GST 12%,3.57,4,5,75,68,SHEETS,21069099
FULL TOSS TOMATO 5/-,CHIPS,GST 12%,GST 12%,3.57,4,5,75,68,SHEETS,21069099
GD LIBARTY 50KG,DALL,GST 0%,GST 0%,66.77,67,5000,4500,4000,KGS,0713
GINGER GARLLIC PASTE RUCHI,PASTE,GST 0%,GST 0%,60,60,0,75,70,SHEETS,2106
GOLD PONNI 10KG,FULL BOILED,GST 0%,GST 0%,510,510,0,550,530,BAG,1006
GOLD PONNI 25KG,FULL BOILED,GST 0%,GST 0%,1250,1250,0,1300,1270,BAG,1006
GOLD WINNER 1LTR,REFINED OIL,GST 5%,GST 5%,115.667,121.45,132,1250,1230,PKT,1512
GOLD WINNER 500ML,REFINED OIL,GST 5%,GST 5%,55.75,58.5375,68,1280,1270,PKT,1512
GOLD WINNER 5LTS,REFINED OIL,GST 5%,GST 5%,570,598.5,615,1830,1800,NOS,
GRAM 50KG,DALL,GST 0%,GST 0%,2900,2900,3900,3300,3500,BAG,0713
GRAM DOLPHIN 30KG,DALL,GST 0%,GST 0%,2030,2030,3500,2500,2250,BAG,0713
GRAPES 5/-,AMAR,GST 0%,GST 0%,190,190,0,240,230,BUNDAL,0806
GRB GHEE 100ML,GHEE,GST 12%,GST 12%,650,728,0,740,730,BOX,0405
GREEN PEAS 30KG,DALL,GST 0%,GST 0%,3690,3690,4950,4800,4200,KGS,0713
GROUND NUTS A 40KG,DALL,GST 0%,GST 0%,90,90,0,3800,3700,KGS,1202
GROUND NUTS B 40KG,DALL,GST 0%,GST 0%,83,83,0,3500,3450,KGS,1202
GTS 25KG,RAW RICE,GST 5%,GST 5%,1395.24,1465,2800,1600,1580,BAG,1006
GTS OLD,RAW RICE,GST 5%,GST 5%,1323.81,1390,0,1500,1450,BAG,10063020
GW GINGERLLY 1LTR,GINGERLLY OIL,GST 5%,GST 5%,230.476,242,275,2600,2550,PKT,15155091
GW GINGERLLY 200ML,GINGERLLY OIL,GST 5%,GST 5%,47.05,49.4,65,60,55,PKT,15155091
GW GINGERLLY 500ML,GINGERLLY OIL,GST 5%,GST 5%,116.19,122,170,2800,2600,PKT,15155091
HAMAM SOAP 100G,SOAP,GST 18%,GST 18%,25.11,29.04,32,32,31,NOS,34011190
HAMAM SOAP 150G,SOAP,GST 18%,GST 18%,39.23,45.37,50,50,46,NOS,34011190
HAMAM SOAP 45G,SOAP,GST 18%,GST 18%,7.85,8.89,10,10,9,NOS,34011190
HAND COVER 13X16,COVER,GST 5%,GST 5%,17,17.85,36,200,190,BUNDAL,3926
HAND COVER 16X20,COVER,GST 5%,GST 5%,36,37.8,48,200,190,BUNDAL,3926
HAND COVER 9X13,COVER,GST 5%,GST 5%,7,7.35,20,100,90,BUNDAL,3926
HAPPY CHOCOLATE 10GM,BISCUITS,GST 18%,GST 18%,3.78,4.37,5,60,58,BUNDAL,19059020
HATSUN 10/-,GHEE,GST 5%,GST 5%,160,168,10,200,180,SHEETS,0405
HIDE & SEEK 10/-,BISCUITS,GST 18%,GST 18%,7.57,8.75,10,120,108,BUNDLE,19059020
HIDE & SEEK 20GM,BISCUITS,GST 18%,GST 18%,22.7,26.25,30,360,336,BUNDLE,19059020
HIFI BUTTER 36G,BISCUITS,GST 18%,GST 18%,3.81,4.5,5,60,58,BUNDLE,1905
HIFI CASHEW 36G,BISCUITS,GST 18%,GST 18%,3.81,4.5,5,60,58,BUNDLE,1905
HIRA ZEERA 25KG,RAW RICE,GST 0%,GST 0%,1080,1080,3200,1350,1300,BAG,1006
HORSE GRAM 25KG,DALL,GST 0%,GST 0%,975,975,0,1000,990,BAG,0713
ICE SPL CHAKKI ATTA 50KG,FLOUR,GST 0%,GST 0%,1275,1275,3500,1350,1290,BAG,1106
IDLY RICE 25KG,FULL BOILED,GST 0%,GST 0%,28,28,36,750,720,BAG,1006
JAGGERY BIG 30KG,SUGAR,GST 18%,GST 18%,1450,1711,0,1550,1500,BAG,17011490
JAGGERY SMALL  A 30KG,SUGAR,GST 18%,GST 18%,1320,1557.6,0,1350,1330,BAG,17011490
JAGGERY SMALL 30KG,SUGAR,GST 18%,GST 18%,1320,1557.6,0,1350,1330,BAG,
JAGGREY SMALL B 30KG,SUGAR,GST 18%,GST 18%,1270,1498.6,0,1300,1270,BAG,17011490
JAKAI,SPICES,GST 18%,GST 18%,700,826,0,950,900,KGS,1207
JAPATHRI,SPICES,GST 18%,GST 18%,2400,2832,0,3000,2900,KGS,1207
JASMINE 25KG,FULL BOILED,GST 0%,GST 0%,47.6,47.6,55,1250,0,KGS,1006
JEERA,SPICES,GST 18%,GST 18%,150,177,0,250,220,KGS,
JEERA 1KG,SPICES,GST 0%,GST 0%,210,210,0,240,230,PKT,1207
JEERA 5/-,AMAR,GST 0%,GST 0%,190,190,0,240,230,BUNDAL,0909
JEERA 50GM,SPICES,GST 0%,GST 0%,10,10,18,15,11,BUNDAL,1207
JVS GN 1LTR,GROUND NUT OIL,GST 5%,GST 5%,158,165.9,0,1750,1700,PKT,1508
JVS SF 1LTR,REFINED OIL,GST 5%,GST 5%,114.286,120,1450,1230,1220,PKT,1512
JVS TIN 15LTR,REFINED OIL,GST 5%,GST 5%,1828.57,1920,2600,2100,2050,TIN,1512
KALKI BULLET 25KG,HALF BOILED,GST 0%,GST 0%,38,38,0,980,960,KGS,1006
KARAMANI 25KG,DALL,GST 0%,GST 0%,1500,1500,0,1900,1800,BAG,0713
KB CHAKKI ATTA 2KG,FLOUR,GST 0%,GST 0%,600,600,0,650,620,BAG,1106
KB CHAKKI ATTA 5KG,FLOUR,GST 0%,GST 0%,840,840,0,950,900,BAG,1106
KESARI CHAKKI ATTA 5KG,FLOUR,GST 0%,GST 0%,900,900,0,980,950,BAG,1106
KESHAR KALI 25K,RAW RICE,GST 5%,GST 5%,1342,1409.1,3500,1600,1550,BAG,1006
KRACKJACK SWEET SALT,BISCUITS,GST 18%,GST 18%,22.7,26.25,30,30,28,NOS,19059020
KRACKJACK SWEET SALTY 13GM,BISCUITS,GST 18%,GST 18%,3.78,4.37,5,60,58,BUNDAL,19059020
KRACKJACK SWEET SALTY 28GM,BISCUITS,GST 18%,GST 18%,7.57,8.75,10,10,9.2,NOS,19059020
KSN JAM 200G,JAM,GST 12%,GST 12%,53.24,59.63,65,65,61,NOS,20079990
KSN JAM POUCH 11G,JAM,GST 18%,GST 18%,1.64,1.78,2,2,1.9,SHEETS,20079990
KSN JAM TUB 100G,JAM,GST 12%,GST 12%,16.38,18.35,20,20,19,NOS,20079990
LEMON RICE PWD 25GMS,MIXED RICE,GST 5%,GST 5%,8.02,8.42,10,10,9,SHEETS,09109100
LEMON SALT 500GM,SPICES,GST 0%,GST 0%,65,65,0,80,75,PKT,
LG GATTI ASAFOETIDA 50GM,SPICES,GST 0%,GST 0%,1000,1000,0,1200,1100,BOX,1301
LG PWD ASAFOETIDA 50GM,SPICES,GST 0%,GST 0%,1000,1000,0,1200,1100,BOX,1301
LIFEBUOY LEMON FRESH 125G,SOAP,GST 18%,GST 18%,19.62,23.15,25,25,24,NOS,34011190
LIFEBUOY TOTAL 56G,SOAP,GST 18%,GST 18%,7.73,9.12,10,10,9.5,NOS,34011190
LIRIL LEMON TREE,SOAP,GST 18%,GST 18%,25.11,29.63,34,34,31,NOS,34011190
LUX CREAMY PERFECTION 75,SOAP,GST 18%,GST 18%,23.54,27.78,30,30,28.5,NOS,34011190
LUX ROSE 100G,SOAP,GST 18%,GST 18%,19.62,22.69,25,25,23.5,NOS,34011190
LUX ROSE 50G,SOAP,GST 18%,GST 18%,7.73,9.12,10,10,9.5,NOS,34011190
MACORONI 250GM,DALL,GST 18%,GST 18%,17,20.06,0,20,20,PKT,1902
MAGIX CHOCOLATE,BISCUITS,GST 18%,GST 18%,3.85,4.45,5,60,57,BUNDLE,19059020
MAGIX ELAICHI,BISCUITS,GST 18%,GST 18%,3.85,4.45,5,60,57,BUNDAL,19059020
MAGIX MANGO,BISCUITS,GST 18%,GST 18%,3.85,4.45,5,60,58,BUNDAL,19059020
MAGIX ORANGE,BISCUITS,GST 18%,GST 18%,3.85,4.45,5,60,57,BUNDLE,19059020
MAGIX PINEAPPLE,BISCUITS,GST 18%,GST 18%,3.85,4.45,5,60,57,BUNDLE,19059020
MAGIX STRAWBERRY,BISCUITS,GST 18%,GST 18%,3.85,4.45,5,60,57,BUNDLE,19059020
MAHARISHI 25KG,RAW RICE,GST 0%,GST 0%,1046.24,1046.24,2800,1350,1300,BAG,1006
MARATI MOGGU,SPICES,GST 0%,GST 0%,600,600,0,800,750,KGS,1207
MARIE LGT 10/-,BISCUITS,GST 18%,GST 18%,7.62,8.99,10,10,9.5,NOS,1905
MARIE LGT 5/-,BISCUITS,GST 18%,GST 18%,3.81,4.5,5,60,58,BUNDLE,1905
MASSOR GOLA 50KG,DALL,GST 0%,GST 0%,3350,3350,5800,3500,3450,BAG,0713
MD 12 BOUQUET,POOJA ITEMS,GST 5%,GST 5%,7.94,7.84,10,110,96,BUNDAL,3307 41 00
MD 12 LAVENDER,POOJA ITEMS,GST 5%,GST 5%,7.94,7.84,10,110,96,BUNDAL,3307 41 00
MD 12 MARIGOLD,POOJA ITEMS,GST 5%,GST 5%,7.93,7.83,10,110,96,BUNDAL,3307 41 00
MD 12 SANDAL,POOJA ITEMS,GST 5%,GST 5%,7.94,7.84,10,110,96,BUNDAL,3307 41 00
MD 12 TEMPLE,POOJA ITEMS,GST 5%,GST 5%,7.94,7.84,10,110,96,BUNDAL,3307 41 00
MD 12 TREYA,POOJA ITEMS,GST 5%,GST 5%,7.94,7.84,10,110,96,BUNDAL,3307 41 00
MD HA RAJASTHAN 30KG,DALL,GST 0%,GST 0%,95.33,95.33,110,3300,3250,KGS,0713
MD JASMINE,POOJA ITEMS,GST 5%,GST 5%,3.84,3.7,5,54,48,BUNDAL,3307 41 00
MD KALASA 25,DALL,GST 0%,GST 0%,2350,2350,3500,2750,2500,BAG,0713
MD ROSE,POOJA ITEMS,GST 5%,GST 5%,3.84,3.7,5,54,48,BUNDAL,3307 41 00
MD SADHVI 100,POOJA ITEMS,GST 5%,GST 5%,25.24,25.44,35,180,160,BUNDAL,3307 41 00
MEDIMIX AYU SOAP 125G,SOAP,GST 18%,GST 18%,30.81,34.9,40,40,38,NOS,34011110
MEDIMIX AYU SOAP 20G,SOAP,GST 18%,GST 18%,3.85,4.27,5,5,4.8,JAR,34011110
MEDIMIX AYU SOAP 35G,SOAP,GST 18%,GST 18%,7.71,8.96,10,10,9.5,SHEETS,34011110
MEDIMIX AYU SOAP 4 X 75G,SOAP,GST 18%,GST 18%,60.09,68.07,78,75,73,NOS,34011110
MEDIMIX AYU SOAP 75G,SOAP,GST 18%,GST 18%,20.03,22.69,26,26,24.5,NOS,34011110
MEDIMIX SANDAL SOAP 125G,SOAP,GST 18%,GST 18%,36.21,41.6,47,47,45,NOS,34011110
MEDIMIX SANDAL SOAP 75G,SOAP,GST 18%,GST 18%,23.11,26.52,30,30,28.5,NOS,34011110
MEDIMIX SOAP MULTI 3PIE 125G,SOAP,GST 18%,GST 18%,80.89,91.63,105,105,110,NOS,34011110
MEDIMIX TRANS SOAP 125G,SOAP,GST 18%,GST 18%,36.21,41.23,47,47,45,NOS,34011110
MEDIMIX TRANS SOAP 75G,SOAP,GST 18%,GST 18%,23.11,26.32,30,30,28.5,NOS,34011110
MENTHYALLU 50GM,SPICES,GST 0%,GST 0%,80,80,0,100,90,BUNDAL,1207
MILK SHAKTI 14GM,BISCUITS,GST 18%,GST 18%,6.7,7.91,10,108,102,BUNDLE,19059020
MILK SHAKTI 5/-,BISCUITS,GST 18%,GST 18%,3.78,4.24,5,60,56,BUNDLE,19059020
MOMS MAGIC CAHEW & ALM 67.5G,BISCUITS,GST 18%,GST 18%,7.73,9.12,10,10,9.5,NOS,1905
MOMS MAGIC CASHEW & ALM 38.5G,BISCUITS,GST 18%,GST 18%,3.87,4.57,5,5,4.8,NOS,1905
MOMS MAGIC RICH BUTTER 38.5G,BISCUITS,GST 18%,GST 18%,3.87,4.57,5,60,58,BUNDLE,1905
MOMS MAGIC RICH BUTTER 90G,BISCUITS,GST 18%,GST 18%,7.73,9.12,10,10,9.5,NOS,1905
MOONG SMN 30KG,DALL,GST 0%,GST 0%,2451.42,2451.42,5900,3800,3500,BAG,0713
MOONG VASAVI 30KG,DALL,GST 0%,GST 0%,3000,3000,0,3100,3050,BAG,0713
MSF 999 GOLD 25KG,HALF BOILED,GST 0%,GST 0%,1080,1080,0,1200,1150,BAG,1006
MUSTARD 50GM,SPICES,GST 0%,GST 0%,80,80,0,100,90,BUNDAL,1207
MV HMT,RAW RICE,GST 0%,GST 0%,1036.37,1036.37,2400,1250,1150,BAG,1006
N NOODLES 400GM,NOODLES,GST 0%,GST 0%,1180,1180,0,1250,1200,BAG,19023010
NANDHINI GHEE 1LTR,GHEE,GST 12%,GST 12%,4392.86,4920,6500,5040,5000,BOX,0405
NANDHINI GHEE 200ML,GHEE,GST 12%,GST 12%,4414.29,4944,0,5040,5000,BOX,0405
NANDHINI GHEE 500ML,GHEE,GST 12%,GST 12%,4414.29,4944,5200,5040,5000,BOX,0405
NATTU SAKARE,SUGAR,VAT 0 %,VAT 0 %,1450,1450,1800,1550,1500,BAG,
NIMWASH VEG&FRUIT WASH 150ML,WASHING,GST 18%,GST 18%,23.11,27.27,30,30,28.5,PKT,3402 20 10
OMOM,MASALA,GST 0%,GST 0%,180,180,0,265,260,KGS,90189044
ORANGE MAIDA 50KG,FLOUR,GST 0%,GST 0%,1435,1460,4500,1500,1480,BAG,1106
PAM OIL TIN,PAM OIL,GST 5%,GST 5%,1480,1554,0,1600,1580,TIN,1508
PAPAD 100GM,PAPAD,GST 0%,GST 0%,150,150,0,200,175,KGS,1904
PAPAD 150GM,PAPAD,GST 0%,GST 0%,30,30,0,50,45,PKT,1904
PAPAD 1KG,PAPAD,GST 0%,GST 0%,150,150,0,200,175,PKT,1904
PAPAD 200GM,PAPAD,GST 0%,GST 0%,150,150,0,200,175,KGS,1904
PAPAD 500GM,PAPAD,GST 0%,GST 0%,150,150,0,200,175,KGS,1904
PARCEL COVER 13X13,COVER,GST 5%,GST 5%,120,126,180,150,140,NOS,3926
PARCEL COVER 5X6,COVER,GST 5%,GST 5%,30,31.5,45,40,35,NOS,3926
PARCEL COVER 5X8,COVER,GST 5%,GST 5%,30,31.5,45,40,35,NOS,3926
PARLE MARIE 10/-,BISCUITS,GST 18%,GST 18%,7.57,8.75,10,120,110,BUNDLE,19059020
PARLE MARIE 5/-,BISCUITS,GST 18%,GST 18%,3.78,4.37,5,60,57,BUNDLE,19059020
PARLE-G 10GM,BISCUITS,GST 18%,GST 18%,3.85,4.45,5,60,58,BUNDAL,19059020
PAT CHAKKI ATTA 5KG,FLOUR,GST 0%,GST 0%,1020,1020,0,1100,1080,BAG,1106
PAT GN OIL,GROUND NUT OIL,GST 5%,GST 5%,1450,1522.5,0,1600,1550,BOX,1508
PATTA,SPICES,GST 0%,GST 0%,300,300,0,450,400,KGS,1207
PEARS OIL CONTROL 75G,SOAP,GST 18%,GST 18%,32.17,37.96,41,40,39,NOS,34011190
PEARS P&GNTL 100G,SOAP,GST 18%,GST 18%,29.82,34.48,38,38,36,NOS,34011190
PEARS PURE & GENTLE 125G+25G EXTRA,SOAP,GST 18%,GST 18%,51,58.98,65,65,62,NOS,34011190
PEARS PURE & GENTLE 3X125G,SOAP,GST 18%,GST 18%,117.7,138.89,150,145,140,NOS,34011190
PEARS SOFT & FRESH 125G,SOAP,GST 18%,GST 18%,52.57,60.79,67,65,63,NOS,34011190
PEARS SOFT & FRESH 75G,SOAP,GST 18%,GST 18%,32.17,37.2,41,40,39,NOS,34011190
PEARS SOFT & GENTLE SP 3X75G,SOAP,GST 18%,GST 18%,82.39,97.22,105,105,100,NOS,34011190
PEPPER,SPICES,GST 0%,GST 0%,460,460,0,500,480,KGS,1207
PEPPER 5/--,AMAR,GST 0%,GST 0%,190,190,0,240,230,BUNDAL,0904
PEPPER 50GM,SPICES,GST 0%,GST 0%,500,500,0,600,550,BUNDAL,1207
PONVAANDU RS10/-,WASHING,GST 18%,GST 18%,6.38,7.4,10,675,615,BOX,34011930
PONVAANDU RS5/-,WASHING,GST 18%,GST 18%,3.39,4,5,350,315,BOX,34011930
POPPY SEEDS,SPICES,GST 0%,GST 0%,850,850,0,1200,1050,KGS,1207
POPULAR 10KG,HALF BOILED,GST 0%,GST 0%,360,360,0,400,380,BAG,1006
POPULAR 25KG,HALF BOILED,GST 0%,GST 0%,875,875,0,950,910,BAG,1006
POSTMAN CA 50KG,FLOUR,GST 0%,GST 0%,1080,1080,3500,1250,1150,BAG,1101
POSTMAN SOOJI 50KG,FLOUR,GST 0%,GST 0%,1260,1260,3500,1450,1400,BAG,1101
PULIYOGARE POWDER 30GMS,MIXED RICE,GST 5%,GST 5%,7.88,8.27,10,120,102,SHEETS,09109100
RB SODA 50KG,SPICES,GST 5%,GST 5%,1500,1575,0,1600,1580,BAG,7013
RED LABEL 100G,BEVERAGES,GST 5%,GST 5%,34.63,36.36,40,40,38,NOS,09023020
RED LABEL 1KG,BEVERAGES,GST 5%,GST 5%,427.24,448.6,480,460,455,NOS,09023020
RED LABEL 250G,BEVERAGES,GST 5%,GST 5%,120.16,126.17,135,135,130,NOS,09023020
RED LABEL 500G,BEVERAGES,GST 5%,GST 5%,235.87,247.66,265,260,255,NOS,09023020
REFINED OIL TIN 15LTR,REFINED OIL,GST 5%,GST 5%,1850,1942.5,0,2050,2000,TIN,1512
REXONA COCO & OLIVE 100G,SOAP,GST 18%,GST 18%,21.19,25,27,27,26,NOS,34011190
RICE FLACKS 40KG,DALL,GST 0%,GST 0%,1000,1000,0,1200,1150,BAG,0713
RIN 500G,WASHING,GST 18%,GST 18%,29.99,34.68,39,1850,1800,BAG,3411190
RIN ANTI BAC 120G,WASHING,GST 18%,GST 18%,7.43,8.58,10,60,54,SHEETS,34022010
RIN BAR 140+35G,WASHING,GST 18%,GST 18%,7.85,9.17,10,10,9.3,NOS,34011930
RIN BAR 250G,WASHING,GST 18%,GST 18%,10.99,12.58,14,14,13,NOS,34011930
RIN LIQUID 430ML,WASHING,GST 18%,GST 18%,51,55.97,65,63,58,NOS,34022010
RIN LIQUID 800ML,WASHING,GST 18%,GST 18%,77.68,85.25,99,95,87,NOS,34022010
RIN NORMAL 1KG,WASHING,GST 18%,GST 18%,59.21,68.47,77,75,70,PKT,34022010
RK RAW RICE,RAW RICE,GST 0%,GST 0%,1250,1250,0,1300,1280,BAG,1006
RMC,GENERAL,GST 0%,GST 0%,541.3,541.3,750,650,0,NOS,0
ROASTED VERM 400GMS,VERMICELLI,GST 5%,GST 5%,39.61,41.59,55,1500,1350,BOX,19023010
ROYAL BULLET AISWARYA 25KG,HALF BOILED,GST 0%,GST 0%,920,920,1300,980,950,BAG,1006
ROYAL BULLET DC 25KG,HALF BOILED,GST 0%,GST 0%,920,920,1500,1000,950,BAG,1006
RUCHI GOLD 1LTR,PAM OIL,GST 5%,GST 5%,98.762,103.7,115,1040,1030,PKT,1512
SABEENA 500GM,WASHING,GST 18%,GST 18%,11.25,13.28,12,658,644,PKT,0
SALT 25KG,SALT,GST 0%,GST 0%,160,160,0,180,170,BAG,2501
SARAPARUPPU,DRY FRUITS,GST 28%,GST 28%,1000,1280,0,1500,1400,KGS,1207
SAUCE CHILLI,SAUCE,GST 0%,GST 0%,230,230,0,400,350,BOX,0904
SAUCE TOMATO,SAUCE,GST 0%,GST 0%,400,400,0,500,450,BOX,0904
SAVLON DISINFECTANT 100ML,WASHING,GST 12%,GST 12%,33.87,37.93,44,42,40,BOTTLE,3004 90 99
SAVLON DISINFECTANT 200ML,WASHING,GST 12%,GST 12%,59.27,66.38,77,75,70,BOTTLE,3004 90 99
SAVLON DISINFECTANT 50ML,WASHING,GST 12%,GST 12%,18.47,20.69,24,24,22,BOTTLE,3004 90 99
SAVLON HEXA ADV SOAP 45G,WASHING,GST 18%,GST 18%,7.85,8.55,10,10,9.5,NOS,3401 11 90
SAVLON HEXA ADV SOAP 75G,WASHING,GST 18%,GST 18%,26.68,29.06,34,34,33,NOS,3401 11 90
SAVLON MLT DISINFECTANT 1LTR,WASHING,GST 18%,GST 18%,292.76,335.09,380,370,355,BOTTLE,3808 94 00
SAVLON MLT DISINFECTANT 500ML,WASHING,GST 18%,GST 18%,148.69,170.19,193,185,180,BOTTLE,3808 94 00
SHABHARI 25KG,RAW RICE,GST 0%,GST 0%,1250,1250,0,1300,1280,BAG,1006
SM BIRYANI MASALA 50GM,MASALA,GST 5%,GST 5%,23.33,24.25,45,600,550,BUNDAL,09109100
SM BLACK PEPPER PWD 50GM,MASALA,GST 5%,GST 5%,565,593.25,0,650,630,BUNDAL,19109100
SM CHICKEN MASALA 100GM,MASALA,GST 5%,GST 5%,300,315,0,350,330,BUNDAL,09109100
SM CHICKEN MASALA 500GM,MASALA,GST 5%,GST 5%,141.43,147.02,280,180,160,PKT,09109100
SM CHICKEN MASALA 50GM,MASALA,GST 5%,GST 5%,14.29,14.85,35,17,320,BUNDAL,09109100
SM CHILLI CHICKEN 50GM,MASALA,GST 5%,GST 5%,355,372.75,0,450,400,BUNDAL,09109100
SM CHILLI PWD 100GM,MASALA,GST 5%,GST 5%,270,283.5,0,300,290,BUNDAL,09042211
SM CHILLI PWD 1KG,MASALA,GST 5%,GST 5%,254.29,264.33,320,300,290,PKT,09042211
SM CHILLI PWD 500GM,MASALA,GST 5%,GST 5%,127.14,132.16,340,150,145,PKT,09042211
SM CHILLI PWD 50GM,MASALA,GST 5%,GST 5%,270,283.5,0,300,290,BUNDAL,0904221
SM CORIANDER PWD 50GM,MASALA,GST 5%,GST 5%,7.38,7.67,29,180,170,BUNDAL,09092200
SM CORIENDER PWD 100GM,MASALA,GST 5%,GST 5%,155,162.75,0,180,170,BUNDAL,09092200
SM CORIENDER PWD 1KG,MASALA,GST 5%,GST 5%,144.76,150.48,280,180,170,PKT,09092200
SM CORIENDER PWD 500GM,MASALA,GST 5%,GST 5%,72.38,75.24,190,90,85,PKT,09092200
SM CURRY LEAF PWD 50GM,MASALA,GST 5%,GST 5%,260,273,0,300,290,BUNDAL,09109100
SM FISH CURRY MASALA 50GM,MASALA,GST 5%,GST 5%,270,283.5,0,300,290,BUNDAL,09109100
SM FISH FRY MASALA 50GM,MASALA,GST 5%,GST 5%,15.72,16.34,28,20,380,BUNDAL,09109100
SM GARAM MASALA 20GM,MASALA,GST 5%,GST 5%,410,430.5,0,500,480,BUNDAL,09109100
SM GARAM MASALA 50GM,MASALA,GST 5%,GST 5%,410,430.5,0,500,480,BUNDAL,09109100
SM IDLY PUDDI 50GM,MASALA,GST 5%,GST 5%,220,231,0,280,250,BUNDAL,09109100
SM JEERA PWD 50GM,MASALA,GST 5%,GST 5%,355,372.75,0,450,400,BUNDAL,09093200
SM MIXED MASALA 50GM,MASALA,GST 5%,GST 5%,195,204.75,0,280,250,BUNDAL,09109100
SM MUTTON MASALA 100GM,MASALA,GST 5%,GST 5%,335,351.75,0,380,360,BUNDAL,09109100
SM MUTTON MASALA 500GM,MASALA,GST 5%,GST 5%,167,0,0,190,185,PKT,09109100
SM MUTTON MASALA 50GM,MASALA,GST 5%,GST 5%,335,351.75,0,380,360,BUNDAL,09109100
SM RASAM PWD 50GM,MASALA,GST 5%,GST 5%,365,383.25,0,450,400,BUNDAL,09109100
SM SAMBAR PWD 100GM,MASALA,GST 5%,GST 5%,260,273,0,300,290,BUNDAL,09109100
SM SAMBAR PWD 500GM,MASALA,GST 5%,GST 5%,122.38,127.21,280,150,140,PKT,09109100
SM SAMBAR PWD 50GM,MASALA,GST 5%,GST 5%,12.38,12.87,25,15,290,BUNDAL,09109100
SM SUPER GARAM MASALA 50GM,MASALA,GST 5%,GST 5%,335,351.75,0,400,380,BUNDAL,09109100
SM TAMARIND PWD 50GM,MASALA,GST 5%,GST 5%,14.29,14.85,28,17,350,BUNDAL,09109100
SM TURMERIC PWD 100GM,MASALA,GST 5%,GST 5%,125,131.25,0,150,140,BUNDAL,09103030
SM TURMERIC PWD 500GM,MASALA,GST 5%,GST 5%,58.1,60.4,170,75,70,PKT,09103030
SM TURMERIC PWD 50GM,MASALA,GST 5%,GST 5%,125,131.25,0,150,140,BUNDAL,09103030
SODA 5/-,AMAR,GST 0%,GST 0%,190,190,0,240,230,BUNDAL,2202
SOMPOO,SPICES,GST 0%,GST 0%,120,120,0,175,150,KGS,1207
SOMPOO 5/-,AMAR,GST 0%,GST 0%,190,190,0,240,230,BUNDAL,3305
SOMPOO 50GM,SPICES,GST 0%,GST 0%,150,150,0,200,17,BUNDAL,1207
STAR 25KG,RAW RICE,GST 0%,GST 0%,1120,1120,0,1250,1200,BAG,1006
SUGAR 50KG,SUGAR,GST 18%,GST 18%,34.8,35,3500,40,38,KGS,17011490
SUNRICH 1LTR,REFINED OIL,GST 5%,GST 5%,115.5,121.275,0,1230,1220,PKT,1512
SUNRICH 500ML,REFINED OIL,GST 5%,GST 5%,58.5,61.425,0,1250,1220,PKT,1512
SUNSEA 1LTR,REFINED OIL,GST 5%,GST 5%,108.571,114,1350,1210,1200,PKT,1512
SUNSEA 500ML,REFINED OIL,GST 5%,GST 5%,1155,1212.75,0,1220,1210,BOX,1512
SUPER RICE 25KG,RAW RICE,GST 5%,GST 5%,2285.71,2400,3800,2500,2600,BAG,1006
SURF EXCEL BAR 250G,WASHING,GST 18%,GST 18%,19.62,22.8,25,25,24,NOS,
SURF EXCEL BAR FW 150G,WASHING,GST 18%,GST 18%,12.55,14.36,16,16,14.5,NOS,34011930
SURF EXCEL BAR FW 95G,WASHING,GST 18%,GST 18%,7.85,9.17,10,10,9.4,NOS,34011930
SURF EXCEL EW 1KG,WASHING,GST 18%,GST 18%,96.41,112.63,124,1440,1380,BAG,34022010
SURF EXCEL EW 500G,WASHING,GST 18%,GST 18%,48.2,56.31,62,60,58,PKT,34022010
SURF EXCEL EW BAIL 500G,WASHING,GST 18%,GST 18%,48.2,56.31,62,1200,1160,BAG,34022010
SURF EXCEL QUICKWASH 60G+20G,WASHING,GST 18%,GST 18%,7.43,8.5,10,60,54,SHEETS,34022010
SURF EXCEL QW 1KG,WASHING,GST 18%,GST 18%,125.55,145.19,160,155,148,PKT,34022010
SURF EXCEL QW 500G,WASHING,GST 18%,GST 18%,58.85,68.05,75,75,70,PKT,34022010
SURF EXCEL QW 80G,WASHING,GST 18%,GST 18%,7.43,8.5,10,54,52.5,SHEETS,34022010
SURF MTC LIQ FL 1.02LTR,WASHING,GST 18%,GST 18%,168.71,185.14,215,200,190,NOS,34022010
SURF MTC LIQ FL 500ML,WASHING,GST 18%,GST 18%,86.31,94.72,110,105,98,NOS,34022010
SURF MTC LIQ TL 1.02 LTR,WASHING,GST 18%,GST 18%,148.31,162.76,189,175,165,NOS,34022010
SURF MTC LIQ TL 500ML,WASHING,GST 18%,GST 18%,74.55,81.81,95,90,85,NOS,3402210
SURYA MAIDA 50KG,FLOUR,GST 0%,GST 0%,29.5,30,3500,1500,1490,BAG,1106
TABLE SALT 25KG,SALT,GST 0%,GST 0%,180,180,0,200,190,BAG,2501
TABLE SALT AASHIRVVAD 25KG,SALT,GST 0%,GST 0%,0,0,20,450,400,BAG,
TABLE SALT OFRESH 25KG,SALT,GST 0%,GST 0%,180,180,250,250,200,BAG,25010010
TAJ 100G,BEVERAGES,GST 5%,GST 5%,62.31,65.43,70,70,68,NOS,0902302
TAJ 250G,BEVERAGES,GST 5%,GST 5%,156.35,164.17,175,170,168,NOS,09023020
TAMARIND A 10KG,MASALA,GST 0%,GST 0%,1210,1210,3500,1600,1400,BUNDAL,08134010
TAMARIND B 10KG,MASALA,GST 0%,GST 0%,1210,1210,0,1400,1300,BUNDAL,08134010
TAMARIND C 10KG,MASALA,GST 0%,GST 0%,1010,1010,0,1200,1150,BUNDAL,08134010
TASTING SALT,SPICES,GST 0%,GST 0%,105,105,0,130,120,KGS,
TASTING SALT 5/-,AMAR,GST 0%,GST 0%,190,190,0,240,230,BUNDAL,2922
TASTING SALT 500GM,SPICES,GST 0%,GST 0%,60,60,130,80,70,PKT,
TATA CRYSTAL 25KG,SALT,GST 0%,GST 0%,250,250,20,350,300,PKT,2501
TATA SALT 25KG,SALT,GST 0%,GST 0%,442,442,18,475,465,PKT,2501
TD ADHITHI 30KG,DALL,GST 0%,GST 0%,113,113,4500,4000,3800,KGS,0713
TD DANALAKSHMI 25KG,DALL,GST 0%,GST 0%,106,106,3500,2875,2750,KGS,0713
TD GOOGLE 50KG,DALL,GST 0%,GST 0%,4400,4400,6150,5000,4800,BAG,0713
TD JOTHI 25KG,DALL,GST 0%,GST 0%,2650,2650,0,2800,2750,BAG,0713
TD MUYAL 25KG,DALL,GST 0%,GST 0%,1910,1910,0,2500,2250,BAG,0713
TD SHIVALING 50KG,DALL,GST 0%,GST 0%,5360,5360,6500,6000,5800,BAG,0713
TOMATO RICE PWD 25GM,MIXED RICE,GST 5%,GST 5%,8.02,8.42,10,120,108,SHEETS,09109100
TOPOZ,RAW RICE,GST 0%,GST 0%,1180,1180,0,1300,1250,BAG,1006
TURMERIC STICK,SPICES,GST 18%,GST 18%,70,82.6,0,150,100,KGS,0910
UG RED 50KG,DALL,GST 0%,GST 0%,119,120,0,6250,6200,KGS,1106
UG SK BRAND 50KG,DALL,GST 0%,GST 0%,105,105,0,5750,5500,KGS,1106
UG SURYA 50KG,DALL,GST 0%,GST 0%,93,93,5800,5500,500,KGS,0713
UG TMC 50KG,DALL,GST 0%,GST 0%,95,95,0,5500,5000,KGS,1106
UG VINAYAKA 50KG,DALL,GST 0%,GST 0%,117,117,0,6300,6200,KGS,1106
VAIGAI 25K,FULL BOILED,GST 0%,GST 0%,45,45,3100,1250,1200,BAG,1006
VANASPATHI 100ML,VANASPATHI,GST 5%,GST 5%,9,9.5,0,1000,980,BOX,1516
VANASPATHI 1LTR,VANASPATHI,GST 5%,GST 5%,847.62,890,1200,1000,980,BOX,1516
VANASPATHI 200ML,VANASPATHI,GST 5%,GST 5%,900,945,0,1000,980,BOX,1516
VANASPATHI 500ML,VANASPATHI,GST 5%,GST 5%,900,945,0,1000,980,BOX,1516
VANGIBATH POWDER 17GMS,MIXED RICE,GST 5%,GST 5%,8.25,8.66,10,10,9,SHEETS,09109100
VASLINE,BEAUTY PRODUCTS,GST 18%,GST 18%,0,0,42,0,0,NOS,0
VERM MTR 850G,VERMICELLI,GST 5%,GST 5%,50.96,53.51,80,70,60,PKT,19023010
VGR CHAKKI ATTA 1KG,FLOUR,GST 0%,GST 0%,840,840,0,950,900,BAG,1106
VGR CHAKKI ATTA 500GM,FLOUR,GST 0%,GST 0%,750,750,0,850,800,BAG,1106
VGR CHAKKI ATTA 5KG,FLOUR,GST 0%,GST 0%,840,840,0,950,900,BAG,1106
VGR GRAM FLOUR 500GM,FLOUR,GST 0%,GST 0%,1900,1900,2050,2000,1950,BAG,1106
VGR MAIDA 500GM,FLOUR,GST 0%,GST 0%,700,700,0,800,750,BAG,1106
VGR SOOJI 500GM,FLOUR,GST 0%,GST 0%,950,950,0,1050,1000,BAG,1106
VIM BAR 150G,WASHING,GST 18%,GST 18%,7.85,9.08,10,10,9.3,NOS,34054000
VIM BAR 300G,WASHING,GST 18%,GST 18%,15.69,18.51,20,20,19,NOS,34054000
VIM BAR 85G,WASHING,GST 18%,GST 18%,3.92,4.53,5,5,4.6,NOS,34054000
VIM DROP LMN GEL 155ML,WASHING,GST 18%,GST 18%,15.69,17.4,20,20,18.5,NOS,34022010
VIM DROP LMN GEL 75G,WASHING,GST 18%,GST 18%,7.85,8.71,10,10,9,NOS,34022010
VIVEL ALOE VERA 100G,WASHING,GST 18%,GST 18%,19.62,21.53,24,25,24,NOS,3401 11 90
VIVEL ALOE VERA 51G,WASHING,GST 18%,GST 18%,7.85,8.61,10,10,9.5,NOS,3401 11 90
VIVEL BB COOL MINT 48G,WASHING,GST 18%,GST 18%,7.85,8.61,10,10,9.5,NOS,3401 11 90
VIVEL LOTUS OIL 100G,WASHING,GST 18%,GST 18%,19.62,21.53,25,25,24,NOS,341 11 90
WATER MELON SEEDS,DRY FRUITS,GST 18%,GST 18%,100,118,0,150,130,KGS,1207
WHEAT BLUE SHINE 25KG,DALL,GST 0%,GST 0%,770,770,0,850,820,BAG,1001
WHEEL ACT LMN & JAS 155G,WASHING,GST 18%,GST 18%,7.59,8.96,10,10,9.2,PKT,34022010
WHEEL LMN & JAS PWD 500G,WASHING,GST 18%,GST 18%,20.5,24.19,27,27,25,PKT,34022010
WHEEL LMS & JAS PWD 1KG,WASHING,GST 18%,GST 18%,40.01,47.21,53,50,49,PKT,34022010
WHITE PEAS 50KG,DALL,GST 0%,GST 0%,3800,3800,0,4000,3900,BAG,0713
WHITE PEPPER PWD 100GM,SPICES,GST 18%,GST 18%,100,118,0,140,130,BUNDAL,0910
YIPPEE MAGIC MSL 2IN1,NOODLES,GST 12%,GST 12%,18,20.16,23,1104,1056,BOX,1902
YIPPEE MAGIC MSL 4IN1,NOODLES,GST 12%,GST 12%,37.8,42.34,46,1620,1584,BOX,1902
YIPPEE MAGIC MSL 6IN1,NOODLES,GST 12%,GST 12%,55.87,62.57,68,1584,1536,BOX,1902
YIPPEE MAGIC MSL 70G,NOODLES,GST 12%,GST 12%,9.86,11.04,12,1728,1656,BOX,1905